{
  "format_version": "1.20.10",
  "minecraft:recipe_shaped": {
    "description": {
    "identifier": "minecraft:respawn_anchor"
    },
    "tags": [ "crafting_table" ],
    "pattern": [
      "OOO",
      "GGG",
      "OOO"
    ],
    "key": {
      "O": {
        "item": "minecraft:crying_obsidian"
      },
      "G": {
        "item": "minecraft:glowstone"
      }
    },
	"unlock": [
      {
        "item": "minecraft:crying_obsidian"
      }
    ],
    "result": {
      "item": "minecraft:respawn_anchor",
      "count": 1
    }
  }
}
