{
  "format_version": "1.20.10",
  "minecraft:recipe_shaped": {
    "description": {
    "identifier": "minecraft:scaffolding"
    },

    
    "tags": [ "crafting_table" ],
    "pattern": [
      "|S|",
      "| |",
      "| |"
    ],
    "key": {
      "|": {
        "item": "minecraft:bamboo"
      },
      "S": {
        "item": "minecraft:string"
      }
    },
	"unlock": [
      {
        "item": "minecraft:bamboo"
      }
    ],
    "result": {
      "item": "minecraft:scaffolding",
      "count": 6
    }
  }
}
