{
  "format_version": "1.20.10",
  "minecraft:recipe_shaped": {
    "description": {
    "identifier": "minecraft:sealantern"
    },

    
    "tags": [ "crafting_table" ],
    "pattern": [
      "SCS",
      "CCC",
      "SCS"
    ],
    "key": {
      "S": {
        "item": "minecraft:prismarine_shard"
      },
      "C": {
        "item": "minecraft:prismarine_crystals"
      }
    },
    "unlock": [
      {
        "item": "minecraft:prismarine_crystals"
      }
    ],
    "result": {
      "item": "minecraft:sealantern"
    }
  }
}
