{
    "format_version": "1.16",
    "minecraft:recipe_shaped": {
        "description": {
            "identifier": "minecraft:shield_from_mangrove_planks"
        },
        "tags": [
            "crafting_table"
        ],
        "pattern": [
            "ABA",
            "AAA",
            " A "
        ],
        "key": {
            "A": {
                "item": "mangrove_planks"
            },
            "B": {
                "item": "iron_ingot"
            }
        },
        "result": {
            "item": "shield",
            "count": 1
        },
        "priority": 2
    }
}