{
  "format_version": "1.20.10",
  "minecraft:recipe_shaped": {
    "description": {
    "identifier": "minecraft:shulker_box"
    },

    
    "tags": [ "crafting_table" ],
    "pattern": [
      "-",
      "#",
      "-"
    ],
    "key": {
      "#": {
        "item": "minecraft:chest"
      },
      "-": {
        "item": "minecraft:shulker_shell"
      }
    },
    "unlock": [
      {
        "item": "minecraft:shulker_shell"
      }
    ],
    "result": {
      "item": "minecraft:undyed_shulker_box"
    }
  }
}
