{
  "format_version": "1.20.10",
  "minecraft:recipe_shaped": {
    "description": {
      "identifier": "minecraft:smithing_table"
    },
    "tags": [ "crafting_table" ],
    "pattern": [
      "||",
      "##",
      "##"
    ],
    "key": {
      "|": {
        "item": "minecraft:iron_ingot"
      },
      "#": {
        "tag": "minecraft:planks"
      }
    },
	"unlock": [
      {
        "item": "minecraft:iron_ingot"
      }
    ],
    "result": [
      { "item": "minecraft:smithing_table" }
    ],
    "priority": -1
  }
}
