{
  "format_version": "1.20.10",
  "minecraft:recipe_shaped": {
    "description": {
    "identifier": "minecraft:smoker"
    },
    "tags": [ "crafting_table" ],
    "pattern": [
      " # ",
      "#F#",
      " # "
    ],
    "key": {
      "F": {
        "item": "minecraft:furnace"
      },
      "#": {
        "tag": "minecraft:logs"
      }
    },
    "unlock": [
      {
        "item": "minecraft:furnace"
      }
    ],
    "result": {
      "item": "minecraft:smoker"
    },
    "priority": -1
  }
}
