{
    "format_version": "1.16",
    "minecraft:recipe_shaped": {
        "description": {
            "identifier": "minecraft:smoker_from_mangrove_log"
        },
        "tags": [
            "crafting_table"
        ],
        "pattern": [
            " A ",
            "ABA",
            " A "
        ],
        "key": {
            "A": {
                "item": "mangrove_log"
            },
            "B": {
                "item": "furnace"
            }
        },
        "result": {
            "item": "smoker",
            "count": 1
        },
        "priority": 2
    }
}