{
  "format_version": "1.20.10",
  "minecraft:recipe_shaped": {
    "description": {
    "identifier": "minecraft:smooth_sandstone_stairs"
    },

    
    "tags": [ "crafting_table" ],
    "pattern": [
      "#  ",
      "## ",
      "###"
    ],
    "key": {
      "#": {
        "item": "minecraft:smooth_sandstone"
      }
    },
    "unlock": [
      {
        "item": "minecraft:smooth_sandstone"
      }
    ],
    "result": {
      "item": "minecraft:smooth_sandstone_stairs",
      "count": 4
    }
  }
}
