{
  "format_version": "1.20.10",
  "minecraft:recipe_shaped": {
    "description": {
    "identifier": "minecraft:smooth_red_sandstone"
    },

    
    "tags": [ "crafting_table" ],
    "pattern": [
      "##",
      "##"
    ],
    "key": {
      "#": {
        "item": "minecraft:red_sandstone",
        "data": 0
      }
    },
    "unlock": [
      {
        "item": "minecraft:red_sandstone",
        "data": 0
      }
    ],
    "result": {
      "item": "minecraft:cut_red_sandstone",
      "count": 4
    }
  }
}
