{
  "format_version": "1.20.10",
  "minecraft:recipe_shaped": {
    "description": {
    "identifier": "minecraft:speckled_melon"
    },

    
    "tags": [ "crafting_table" ],
    "pattern": [
      "###",
      "#X#",
      "###"
    ],
    "key": {
      "#": {
        "item": "minecraft:gold_nugget"
      },
      "X": {
        "item": "minecraft:melon"
      }
    },
    "unlock": [
      {
        "item": "minecraft:melon"
      }
    ],
    "result": {
      "item": "minecraft:speckled_melon"
    }
  }
}
