{
    "format_version": "1.20.10",
    "minecraft:recipe_shaped": {
        "description": {
            "identifier": "minecraft:spruce_fence"
        },
        "tags": [
            "crafting_table"
        ],
        "pattern": [
            "W#W",
            "W#W"
        ],
        "key": {
            "#": {
                "item": "minecraft:stick"
            },
            "W": {
                "item": "minecraft:planks",
                "data": 1
            }
        },
        "unlock": [
            {
                "item": "minecraft:planks",
                "data": 1
            }
        ],
        "result": {
            "item": "minecraft:spruce_fence",
            "count": 3
        }
    }
}
