{
  "format_version": "1.20.10",
  "minecraft:recipe_shaped": {
    "description": {
    "identifier": "minecraft:spruce_door"
    },

    
    "tags": [ "crafting_table" ],
    "group": "wooden_door",
    "pattern": [
      "##",
      "##",
      "##"
    ],
    "key": {
      "#": {
        "item": "minecraft:planks",
        "data": 1
      }
    },
    "unlock": [
      {
        "item": "minecraft:planks",
        "data": 1
      }
    ],
    "result": {
      "item": "minecraft:spruce_door",
      "count": 3
    }
  }
}
