{
  "format_version": "1.20.10",
  "minecraft:recipe_shaped": {
    "description": {
    "identifier": "minecraft:spruce_planks_from_stripped"
    },

    
    "tags": [ "crafting_table" ],
    "group": "planks",
    "pattern": [
      "#"
    ],
    "key": {
      "#": {
        "item": "minecraft:stripped_spruce_log"
      }
    },
	"unlock": [
        {
          "item": "minecraft:stripped_spruce_log"
        }
    ],
    "result": {
      "item": "minecraft:planks",
      "data": 1,
      "count": 4
    }
  }
}
