{
  "format_version": "1.20.10",
  "minecraft:recipe_shaped": {
    "description": {
    "identifier": "minecraft:spruce_planks"
    },

    
    "tags": [ "crafting_table" ],
    "group": "planks",
    "pattern": [
      "#"
    ],
    "key": {
      "#": {
        "item": "minecraft:log",
        "data": 1
      }
    },
    "unlock": [
      {
        "item": "minecraft:log",
        "data": 1
      }
    ],
    "result": {
      "item": "minecraft:planks",
      "data": 1,
      "count": 4
    }
  }
}
