{
  "format_version": "1.20.10",
  "minecraft:recipe_shapeless": {
    "description": {
      "identifier": "minecraft:spruce_chest_boat"
    },
    "tags": [ "crafting_table" ],
    "ingredients": [
      {
        "item": "minecraft:chest"
      },
      {
        "item": "minecraft:boat",
        "data": 1
      }
    ],
	"unlock": [
        {
          "item": "minecraft:boat",
          "data": 1
        }
    ],
    "result": {
      "item": "minecraft:chest_boat",
      "data": 1
    }
  }
}
