{
  "format_version": "1.20.10",
  "minecraft:recipe_shaped": {
    "description": {
    "identifier": "minecraft:spruce_fence_gate"
    },

    
    "tags": [ "crafting_table" ],
    "group": "wooden_fence_gate",
    "pattern": [
      "#W#",
      "#W#"
    ],
    "key": {
      "#": {
        "item": "minecraft:stick"
      },
      "W": {
        "item": "minecraft:planks",
        "data": 1
      }
    },
	"unlock": [
        {
          "item": "minecraft:planks",
          "data": 1
        }
    ],
    "result": {
      "item": "minecraft:spruce_fence_gate"
    }
  }
}
