{
  "format_version": "1.20.10",
  "minecraft:recipe_shaped": {
    "description": {
    "identifier": "minecraft:spruce_wooden_slab"
    },

    
    "tags": [ "crafting_table" ],
    "group": "wooden_slab",
    "pattern": [
      "###"
    ],
    "key": {
      "#": {
        "item": "minecraft:planks",
        "data": 1
      }
    },
	"unlock": [
        {
          "item": "minecraft:planks",
          "data": 1
        }
    ],
    "result": {
      "item": "minecraft:wooden_slab",
      "data": 1,
      "count": 6
    }
  }
}
