{
  "format_version": "1.20.10",
  "minecraft:recipe_shaped": {
    "description": {
    "identifier": "minecraft:spruce_stairs"
    },

    
    "tags": [ "crafting_table" ],
    "group": "wooden_stairs",
    "pattern": [
      "#  ",
      "## ",
      "###"
    ],
    "key": {
      "#": {
        "item": "minecraft:planks",
        "data": 1
      }
    },
	"unlock": [
        {
          "item": "minecraft:planks",
          "data": 1
        }
    ],
    "result": {
      "item": "minecraft:spruce_stairs",
      "count": 4
    }
  }
}
