{
    "format_version": "1.20.10",
    "minecraft:recipe_shaped": {
        "description": {
            "identifier": "minecraft:spyglass"
        },
        "tags": [
            "crafting_table"
        ],
        "pattern": [
            "#",
            "X",
            "X"
        ],
        "key": {
            "#": {
                "item": "minecraft:amethyst_shard"
            },
            "X": {
                "item": "minecraft:copper_ingot"
            }
        },
        "unlock": [
          {
            "item": "minecraft:amethyst_shard"
          }
        ],
        "result": {
            "item": "minecraft:spyglass",
            "count": 1
        },
        "priority": 1
    }
}