{
    "format_version": "1.16",
    "minecraft:recipe_shaped": {
        "description": {
            "identifier": "minecraft:stick_from_mangrove_planks"
        },
        "tags": [
            "crafting_table"
        ],
        "pattern": [
            "A",
            "A"
        ],
        "key": {
            "A": {
                "item": "mangrove_planks"
            }
        },
        "result": {
            "item": "stick",
            "count": 4
        },
        "priority": 2
    }
}