{
  "format_version": "1.20.10",
  "minecraft:recipe_shaped": {
    "description": {
    "identifier": "minecraft:sticky_piston"
    },

    
    "tags": [ "crafting_table" ],
    "pattern": [
      "S",
      "P"
    ],
    "key": {
      "P": {
        "item": "minecraft:piston"
      },
      "S": {
        "item": "minecraft:slime_ball"
      }
    },
    "unlock": [
      {
        "item": "minecraft:slime_ball"
      }
    ],
    "result": {
      "item": "minecraft:sticky_piston",
      "data": 1
    }
  }
}
