{
    "format_version": "1.20.10",
    "minecraft:recipe_shaped": {
        "description": {
            "identifier": "minecraft:stick"
        },
        "tags": [
            "crafting_table"
        ],
        "pattern": [
            "A",
            "A"
        ],
        "key": {
            "A": {
                "tag": "minecraft:planks"
            }
        },
        "unlock": [
          {
            "tag": "minecraft:planks"
          }
        ],
        "result": {
            "item": "stick",
            "count": 4
        },
        "priority": -1
    }
}