{
  "format_version": "1.20.10",
  "minecraft:recipe_shapeless": {
    "description": {
      "identifier": "minecraft:stonecutter_sandstone_heiroglyphs"
    },


    "tags": [ "stonecutter" ],
    "priority": 0,
    "ingredients": [
      {
        "item": "minecraft:sandstone",
        "data": 0
      }
    ],
    "unlock": [
      {
        "item": "minecraft:sandstone",
        "data": 0
      }
    ],
    "result": {
      "item": "minecraft:chiseled_sandstone",
      "count": 1
    }
  }

}
