{
  "format_version": "1.20.10",
  "minecraft:recipe_shaped": {
    "description": {
    "identifier": "minecraft:stonecutter"
    },

    
    "tags": [ "crafting_table" ],
    "pattern": [
      " X ",
      "###"
    ],
    "key": {
      "#": {
        "item": "minecraft:stone"
      },
  	"X": {
        "item": "minecraft:iron_ingot"
      }
    },
    "unlock": [
      {
        "item": "minecraft:stone"
      }
    ],
    "result": {
      "item": "minecraft:stonecutter_block"
    }
  }
}
