{
  "format_version": "1.20.10",
  "minecraft:recipe_shapeless": {
    "description": {
    "identifier": "minecraft:stonecutter_waxed_exposed_cut_copper_to_cut_copper_stairs"
    },

    
    "tags": [ "stonecutter" ],
    "priority": 2,
    "ingredients": [
      {
        "item": "minecraft:waxed_exposed_cut_copper"
      }
    ],
    "unlock": [
      {
        "item": "minecraft:waxed_exposed_cut_copper"
      }
    ],
    "result": {
      "item": "minecraft:waxed_exposed_cut_copper_stairs"
    }
  }
  
}
