{
  "format_version": "1.20.10",
  "minecraft:recipe_shapeless": {
    "description": {
    "identifier": "minecraft:stonecutter_purpur_stairs"
    },

    
    "tags": [ "stonecutter" ],
    "priority": 2,
    "ingredients": [
      {
        "item": "minecraft:purpur_block",
        "data": 0
      }
    ],
    "unlock": [
      {
        "item": "minecraft:purpur_block",
        "data": 0
      }
    ],
    "result": {
      "item": "minecraft:purpur_stairs",
      "data": 0,
      "count": 1
    }
  }
  
}
