{
  "format_version": "1.20.10",
  "minecraft:recipe_shapeless": {
    "description": {
    "identifier": "minecraft:stonecutter_quartz_lines"
    },

    
    "tags": [ "stonecutter" ],
    "priority": 1,
    "ingredients": [
      {
        "item": "minecraft:quartz_block",
        "data": 0
      }
    ],
    "unlock": [
      {
        "item": "minecraft:quartz_block",
        "data": 0
      }
    ],
    "result": {
      "item": "minecraft:quartz_block",
      "data": 2,
      "count": 1
    }
  }
  
}
