{
  "format_version": "1.20.10",
  "minecraft:recipe_shapeless": {
    "description": {
    "identifier": "minecraft:stonecutter_oxidized_copper_to_cut_copper_stairs"
    },

    
    "tags": [ "stonecutter" ],
    "priority": 2,
    "ingredients": [
      {
        "item": "minecraft:oxidized_copper"
      }
    ],
    "unlock": [
      {
        "item": "minecraft:oxidized_copper"
      }
    ],
    "result": {
      "item": "minecraft:oxidized_cut_copper_stairs",
      "count": 4
    }
  }
  
}
