{
  "format_version": "1.20.10",
  "minecraft:recipe_shapeless": {
    "description": {
    "identifier": "minecraft:stonecutter_polished_andesite_stairs"
    },

    
    "tags": [ "stonecutter" ],
    "priority": 5,
    "ingredients": [
      {
        "item": "minecraft:stone",
        "data": 5
      }
    ],
    "unlock": [
      {
        "item": "minecraft:stone",
        "data": 5
      }
    ],
    "result": {
      "item": "minecraft:polished_andesite_stairs",
      "data": 0,
      "count": 1
    }
  }
  
}
