{
  "format_version": "1.20.10",
  "minecraft:recipe_shapeless": {
    "description": {
    "identifier": "minecraft:stonecutter_smooth_red_sanddouble_stone_slab"
    },

    
    "tags": [ "stonecutter" ],
    "priority": 0,
    "ingredients": [
      {
        "item": "minecraft:smooth_red_sandstone"
      }
    ],
    "unlock": [
      {
        "item": "minecraft:smooth_red_sandstone"
      }
    ],
    "result": {
      "item": "minecraft:smooth_red_sandstone_slab",
      "count": 2
    }
  }
  
}
