{
  "format_version": "1.20.10",
  "minecraft:recipe_shapeless": {
    "description": {
    "identifier": "minecraft:stonecutter_wall_from_polished_blackstone_bricks"
    },
    "tags": [ "stonecutter" ],
    "priority": 2,
    "ingredients": [
      {
        "item": "minecraft:polished_blackstone_bricks"
      }
    ],
    "unlock": [
      {
        "item": "minecraft:polished_blackstone_bricks"
      }
    ],
    "result": {
      "item": "minecraft:polished_blackstone_brick_wall",
      "count": 1
    }
  }
}
