{
  "format_version": "1.20.10",
  "minecraft:recipe_shapeless": {
    "description": {
    "identifier": "minecraft:stonecutter_quartz_chiseled"
    },
    "tags": [ "stonecutter" ],
    "priority": 0,
    "ingredients": [
      {
        "item": "minecraft:quartz_block",
        "data": 0
      }
    ],
    "unlock": [
      {
        "item": "minecraft:quartz_block",
        "data": 0
      }
    ],
    "result": {
      "item": "minecraft:chiseled_quartz_block",
      "count": 1
    }
  }
  
}
