{
  "format_version": "1.20.10",
  "minecraft:recipe_shaped": {
    "description": {
      "identifier": "minecraft:stone_axe"
    },   
    "tags": [ "crafting_table" ],
    "pattern": [
      "XX",
      "X#",
      " #"
    ],
    "key": {
      "#": {
        "item": "minecraft:stick"
      },
      "X": {
        "tag": "minecraft:stone_tool_materials"
      }
    },
	"unlock": [
      {
        "tag": "minecraft:stone_tool_materials"
      }
    ],
    "result": {
      "item": "minecraft:stone_axe"
    },
    "priority": -1
  }
}
