{
  "format_version": "1.20.10",
  "minecraft:recipe_shapeless": {
    "description": {
    "identifier": "minecraft:stonecutter_diorite_stairs"
    },

    
    "tags": [ "stonecutter" ],
    "priority": 1,
    "ingredients": [
      {
        "item": "minecraft:stone",
        "data": 3
      }
    ],
    "unlock": [
      {
        "item": "minecraft:stone",
        "data": 3
      }
    ],
    "result": {
      "item": "minecraft:diorite_stairs",
      "data": 0,
      "count": 1
    }
  }
  
}
