{
  "format_version": "1.20.10",
  "minecraft:recipe_shapeless": {
    "description": {
    "identifier": "minecraft:suspicious_stew_from_azure_bluet"
    },

    
    "tags": [ "crafting_table" ],
    "ingredients": [
      {
        "item": "minecraft:brown_mushroom"
      },
      {
        "item": "minecraft:red_mushroom"
      },
      {
        "item": "minecraft:bowl"
      },
      {
        "item": "minecraft:azure_bluet"
      }
    ],
    "unlock": {
        "context": "None"
    },
    "result": {
      "item": "minecraft:suspicious_stew",
      "data": 3
    }
  }
}
