{
  "format_version": "1.20.10",
  "minecraft:recipe_shapeless": {
    "description": {
    "identifier": "minecraft:suspicious_stew_from_tulip_white"
    },

    
    "tags": [ "crafting_table" ],
    "ingredients": [
      {
        "item": "minecraft:brown_mushroom"
      },
      {
        "item": "minecraft:red_mushroom"
      },
      {
        "item": "minecraft:bowl"
      },
      {
        "item": "minecraft:white_tulip"
      }
    ],
    "unlock": {
        "context": "None"
    },
    "result": {
      "item": "minecraft:suspicious_stew",
      "data": 2
    }
  }
}
