{
    "format_version": "1.16",
    "minecraft:recipe_shaped": {
        "description": {
            "identifier": "minecraft:tripwire_hook_from_warped_planks"
        },
        "tags": [
            "crafting_table"
        ],
        "pattern": [
            "A",
            "B",
            "C"
        ],
        "key": {
            "A": {
                "item": "iron_ingot"
            },
            "B": {
                "item": "stick"
            },
            "C": {
                "item": "warped_planks"
            }
        },
        "result": {
            "item": "tripwire_hook",
            "count": 1
        },
        "priority": 2
    }
}