{
  "format_version": "1.20.10",
  "minecraft:recipe_shaped": {
    "description": {
      "identifier": "minecraft:tuff_brick_stairs"
    },
    "tags": [
      "crafting_table"
    ],
    "pattern": [
      "A",
      "AA",
      "AAA"
    ],
    "key": {
      "A": {
        "item": "minecraft:tuff_bricks"
      }
    },
    "unlock": [
      {
        "item": "minecraft:tuff_bricks"
      }
    ],
    "result": {
      "item": "minecraft:tuff_brick_stairs",
      "count": 4
    },
    "priority": 1
  }
}
