{
  "format_version": "1.20.10",
  "minecraft:recipe_shaped": {
    "description": {
      "identifier": "minecraft:warped_sign"
    },
    "tags": [ 
      "crafting_table"
     ],
    "group": "sign",
    "pattern": [
      "###",
  	  "###",
  	  " | "
    ],
    "key": {
      "#": {
        "item": "minecraft:warped_planks"      },
      "|": {
        "item": "minecraft:stick"
      }
    },
	"unlock": [
        {
          "item": "minecraft:warped_planks"
        }
    ],
    "result": {
      "item": "minecraft:warped_sign",
      "count": 3
    }
  }
}
