{
  "format_version": "1.20.10",
  "minecraft:recipe_shaped": {
    "description": {
    "identifier": "minecraft:warped_pressure_plate"
    },
    "tags": [ 
      "crafting_table" 
    ],
    "group": "wooden_pressure_plate",
    "pattern": [
      "##"
    ],
    "key": {
      "#": {
        "item": "minecraft:warped_planks"
      }
    },
	"unlock": [
        {
          "item": "minecraft:warped_planks"
        }
    ],
    "result": {
      "item": "minecraft:warped_pressure_plate",
      "count": 1
    }
  }
}
