{
  "format_version": "1.20.10",
  "minecraft:recipe_shaped": {
    "description": {
    "identifier": "minecraft:stripped_warped_hyphae"
    },
    
    "tags": [ "crafting_table" ],
    "group": "wood",
    "pattern": [
      "##",
      "##"
    ],
    "key": {
      "#": {
        "item": "minecraft:stripped_warped_stem"
      }
    },
	"unlock": [
        {
          "item": "minecraft:stripped_warped_stem"
        }
    ],
    "result": {
      "item": "minecraft:stripped_warped_hyphae",
      "count": 3
    }
  }
}
