{
  "format_version": "1.20.10",
  "minecraft:recipe_shaped": {
    "description": {
      "identifier": "minecraft:warped_planks_from_stripped_log"
    },
    "tags": [ "crafting_table" ],
    "group": "planks",
    "pattern": [
      "#"
    ],
    "key": {
      "#": {
        "item": "minecraft:stripped_warped_stem"
      }
    },
	"unlock": [
        {
          "item": "minecraft:stripped_warped_stem"
        }
    ],
    "result": {
      "item": "minecraft:warped_planks",
      "count": 4
    }
  }
}
