{
  "format_version": "1.20.10",
  "minecraft:recipe_shaped": {
    "description": {
      "identifier": "minecraft:warped_fence"
    },
    "tags": [ 
      "crafting_table" 
    ],
    "pattern": [
      "W#W",
      "W#W"
    ],
    "key": {
      "#": {
        "item": "minecraft:stick"
      },
      "W": {
        "item": "minecraft:warped_planks"
      }
    },
	"unlock": [
        {
          "item": "minecraft:warped_planks"
        }
    ],
    "result": {
      "item": "minecraft:warped_fence",
      "count": 3
    }
  }
}
