{
  "format_version": "1.20.10",
  "minecraft:recipe_shaped": {
    "description": {
    "identifier": "minecraft:warped_trapdoor"
    },
    "tags": [ 
      "crafting_table" 
    ],
    "group": "wooden_trap_door",
    "pattern": [
      "###",
      "###"
    ],
    "key": {
      "#": {
        "item": "minecraft:warped_planks"
      }
    },
	"unlock": [
        {
          "item": "minecraft:warped_planks"
        }
    ],
    "result": {
      "item": "minecraft:warped_trapdoor",
      "count": 2
    }
  }
}
