{
  "format_version": "1.20.10",
  "minecraft:recipe_shapeless": {
    "description": {
        "identifier": "minecraft:waxing_exposed_copper_trapdoor"
    },
    "tags": [ "crafting_table" ],
    "ingredients": [
      {
        "item": "minecraft:exposed_copper_trapdoor"
      },
      {
        "item": "minecraft:honeycomb"
      }
    ],
    "unlock": [
      {
        "item": "minecraft:exposed_copper_trapdoor"
      }
    ],
    "result": {
        "item": "minecraft:waxed_exposed_copper_trapdoor",
        "count": 1
    },
    "priority": 1
  }
}
