{
  "format_version": "1.20.10",
  "minecraft:recipe_shaped": {
    "description": {
    "identifier": "minecraft:white_banner"
    },

    
    "tags": [ "crafting_table" ],
    "group": "banner",
    "pattern": [
      "###",
      "###",
      " | "
    ],
    "key": {
      "#": {
        "item": "minecraft:wool",
        "data": 0
      },
      "|": {
        "item": "minecraft:stick"
      }
    },
	"unlock": [
      {
        "item": "minecraft:wool",
        "data": 0
      }
    ],
    "result": {
      "item": "minecraft:banner",
      "data": 15
    }
  }
}
