{
  "format_version": "1.20.10",
  "minecraft:recipe_shapeless": {
    "description": {
    "identifier": "minecraft:white_concrete_powder_from_bonemeal"
    },

    
    "tags": [ "crafting_table" ],
    "group": "concrete_powder",
    "priority": 1,
    "ingredients": [
      {
        "item": "minecraft:dye",
        "data": 15
      },
      {
        "item": "minecraft:sand",
        "data": 0
      },
      {
        "item": "minecraft:sand",
        "data": 0
      },
      {
        "item": "minecraft:sand",
        "data": 0
      },
      {
        "item": "minecraft:sand",
        "data": 0
      },
      {
        "item": "minecraft:gravel"
      },
      {
        "item": "minecraft:gravel"
      },
      {
        "item": "minecraft:gravel"
      },
      {
        "item": "minecraft:gravel"
      }
    ],
	"unlock": [
      {
        "item": "minecraft:gravel"
	  },
	  {
		"item": "minecraft:sand",
        "data": 0
      }
    ],
    "result": {
      "item": "minecraft:concrete_powder",
      "data": 0,
      "count": 8
    }
  }
}
