{
  "format_version": "1.20.10",
  "minecraft:recipe_shapeless": {
    "description": {
    "identifier": "minecraft:white_candle_from_bonemeal"
    },
    "tags": [ "crafting_table" ],
    "group": "candle",
    "ingredients": [
      {
        "item": "minecraft:candle"
      },
      {
        "item": "minecraft:dye",
        "data":  15
      }
    ],
	"unlock": [
      {
        "item": "minecraft:candle"
      },
      {
        "item": "minecraft:dye",
        "data":  15
      }
    ],
    "result": {
      "item": "minecraft:white_candle"
    }
  }
}