{
  "format_version": "1.20.10",
  "minecraft:recipe_shaped": {
    "description": {
    "identifier": "minecraft:white_stained_glass_pane_from_pane"
    },

    
    "tags": [ "crafting_table" ],
    "group": "stained_glass_pane",
    "pattern": [
      "###",
      "#X#",
      "###"
    ],
    "key": {
      "#": {
        "item": "minecraft:glass_pane"
      },
      "X": {
        "item": "minecraft:dye",
        "data": 19
      }
    },
	"unlock": [
      {
        "item": "minecraft:glass_pane"
      },
      {
        "item": "minecraft:dye",
        "data": 19
      }
    ],
    "result": {
      "item": "minecraft:white_stained_glass_pane",
      "count": 8
    }
  }
}
