{
  "format_version": "1.20.10",
  "minecraft:recipe_shaped": {
    "description": {
    "identifier": "minecraft:white_carpet"
    },

    
    "tags": [ "crafting_table" ],
    "group": "carpet",
    "pattern": [
      "##"
    ],
    "key": {
      "#": {
        "item": "minecraft:wool",
        "data": 0
      }
    },
	"unlock": [
      {
        "item": "minecraft:wool",
        "data": 0
      }
    ],
    "result": {
      "item": "minecraft:carpet",
      "data": 0,
      "count": 3
    }
  }
}
