{
  "format_version": "1.20.10",
  "minecraft:recipe_shaped": {
    "description": {
    "identifier": "minecraft:wooden_axe"
    },
    
    "tags": [ "crafting_table" ],
    "pattern": [
      "XX",
      "X#",
      " #"
    ],
    "key": {
      "#": {
        "item": "minecraft:stick"
      },
      "X": {
        "tag": "minecraft:planks"
      }
    },
    "unlock": [
      {
        "item": "minecraft:stick"
      }
    ],
    "result": {
      "item": "minecraft:wooden_axe"
    }
  }
}
