{
  "format_version": "1.20.10",
  "minecraft:recipe_shapeless": {
    "description": {
    "identifier": "minecraft:writable_book"
    },

    
    "tags": [ "crafting_table" ],
    "ingredients": [
      {
        "item": "minecraft:book"
      },
      {
        "item": "minecraft:dye",
        "data": 0
      },
      {
        "item": "minecraft:feather"
      }
    ],
	"unlock": [
      {
        "item": "minecraft:book"
      }
    ],
    "result": {
      "item": "minecraft:writable_book"
    }
  }
}
