{
  "format_version": "1.20.10",
  "minecraft:recipe_shaped": {
    "description": {
    "identifier": "minecraft:yellow_stained_glass_pane"
    },

    
    "tags": [ "crafting_table" ],
    "group": "stained_glass_pane",
    "pattern": [
      "###",
      "###"
    ],
    "key": {
      "#": {
        "item": "minecraft:yellow_stained_glass"
      }
    },
	"unlock": [
      {
        "item": "minecraft:yellow_stained_glass"
      }
    ],
    "result": {
      "item": "minecraft:yellow_stained_glass_pane",
      "count": 16
    }
  }
}
