{
  "format_version": "1.20.10",
  "minecraft:recipe_shaped": {
    "description": {
    "identifier": "minecraft:yellow_carpet_from_white"
    },

    
    "tags": [ "crafting_table" ],
    "group": "carpet",
    "pattern": [
      "###",
      "#X#",
      "###"
    ],
    "key": {
      "#": {
        "item": "minecraft:carpet",
        "data": 0
      },
      "X": {
        "item": "minecraft:dye",
        "data": 11
      }
    },
	"unlock": [
      {
        "item": "minecraft:carpet",
        "data": 0
	  },
	  {
		"item": "minecraft:dye",
        "data": 11
      }
    ],
    "result": {
      "item": "minecraft:carpet",
      "data": 4,
      "count": 8
    }
  }
}
