{
	"format_version": "1.10.0",
	"geometry.smolbee": {
		"texturewidth": 64,
		"textureheight": 64,
		"visible_bounds_width": 2,
		"visible_bounds_height": 2.5,
		"visible_bounds_offset": [0, 0.75, 0],
		"bones": [
			{
				"name": "body",
				"pivot": [0, 5, 0],
				"cubes": [
					{"origin": [-2, 3, -3], "size": [4, 4, 6], "uv": [41, 17], "inflate": -0.5}
				],
				"locators": {
					"lead": [0, 4, -1]
				}
			},
			{
				"name": "antenna",
				"parent": "body",
				"pivot": [0, 6.5, -1.8],
				"rotation": [30, 0, 0],
				"cubes": [
					{"origin": [-1.5, 5.5, -4], "size": [1, 4, 3], "uv": [56, 3], "inflate": -0.5},
					{"origin": [0.5, 5.5, -4], "size": [1, 4, 3], "uv": [56, 3], "inflate": -0.5, "mirror": true}
				]
			},
			{
				"name": "stinger",
				"parent": "body",
				"pivot": [0, 6, 0.5],
				"cubes": [
					{"origin": [-0.5, 4.5, 2], "size": [1, 1, 2], "uv": [56, 0], "inflate": -0.2}
				]
			},
			{
				"name": "rightwing_bone",
				"parent": "body",
				"pivot": [-1.5, 6.5, -1.5],
				"cubes": [
					{"origin": [-4.5, 6.5, -1.5], "size": [3, 0, 6], "uv": [28, 23]}
				]
			},
			{
				"name": "leftwing_bone",
				"parent": "body",
				"pivot": [1.5, 6.5, -1.5],
				"cubes": [
					{"origin": [1.5, 6.5, -1.5], "size": [3, 0, 6], "uv": [28, 23], "mirror": true}
				]
			},
			{
				"name": "leg_front",
				"parent": "body",
				"pivot": [0, 3.5, -1],
				"cubes": [
					{"origin": [-1.5, 2.5, -1.5], "size": [1, 2, 1], "uv": [55, 17], "inflate": -0.25},
					{"origin": [0.5, 2.5, -1.5], "size": [1, 2, 1], "uv": [55, 17], "inflate": -0.25, "mirror": true}
				]
			},
			{
				"name": "leg_mid",
				"parent": "body",
				"pivot": [0, 3.5, 0],
				"cubes": [
					{"origin": [-1.7, 2.5, -0.5], "size": [1, 2, 1], "uv": [55, 17], "inflate": -0.25},
					{"origin": [0.7, 2.5, -0.5], "size": [1, 2, 1], "uv": [55, 17], "inflate": -0.25, "mirror": true}
				]
			},
			{
				"name": "leg_back",
				"parent": "body",
				"pivot": [0, 3.5, 1.5],
				"cubes": [
					{"origin": [-1.7, 2.5, 1], "size": [1, 2, 1], "uv": [55, 17], "inflate": -0.25},
					{"origin": [0.7, 2.5, 1], "size": [1, 2, 1], "uv": [55, 17], "inflate": -0.25, "mirror": true}
				]
			}
		]
	}
}
