{"format_version":"1.12.0","minecraft:geometry":[{"description":{"identifier":"geometry.axolotl_more_allays","texture_width":32,"texture_height":32,"visible_bounds_width":3,"visible_bounds_height":2.5,"visible_bounds_offset":[0,0.75,0]},"bones":[{"name":"root","pivot":[0,0,0]},{"name":"head","parent":"root","pivot":[0,4,0]},{"name":"look_at","parent":"head","pivot":[0,4,0.75],"cubes":[{"origin":[-2.5,4.01,-2.5],"size":[5,5,5],"uv":[0,0]}]},{"name":"horn2","parent":"look_at","pivot":[1,9,0.5],"rotation":[45,0,0],"cubes":[{"origin":[0.5,9.01,0.5],"size":[3,3,0],"uv":[20,7]}]},{"name":"horn3","parent":"look_at","pivot":[-2.5,7,0.5],"rotation":[0,-45,0],"cubes":[{"origin":[-5.5,6.01,0.5],"size":[3,4,0],"uv":[4,20]}]},{"name":"horn4","parent":"look_at","pivot":[2.5,7,0.5],"rotation":[0,45,0],"cubes":[{"origin":[2.5,6.01,0.5],"size":[3,4,0],"uv":[15,0]}]},{"name":"horn5","parent":"look_at","pivot":[-2.5,4,0.5],"rotation":[0,-45,0],"cubes":[{"origin":[-5.5,4.01,0.5],"size":[3,3,0],"uv":[21,0]}]},{"name":"horn6","parent":"look_at","pivot":[2.5,4,0.5],"rotation":[0,45,0],"cubes":[{"origin":[2.5,4.01,0.5],"size":[3,3,0],"uv":[20,4]}]},{"name":"horn1","parent":"look_at","pivot":[-1,9,0.5],"rotation":[45,0,0],"cubes":[{"origin":[-3.5,9.01,0.5],"size":[3,3,0],"uv":[4,24]}]},{"name":"body","parent":"root","pivot":[0,4,0],"cubes":[{"origin":[-1.5,0,-1],"size":[3,4,2],"uv":[14,19]},{"origin":[-1.5,-3,-1],"size":[3,7,2],"inflate":-0.2,"uv":[16,10]}],"locators":{"lead":[0,5,0]}},{"name":"rightItem","parent":"body","pivot":[0,-1,-2],"rotation":[-80,0,0]},{"name":"right_arm","parent":"body","pivot":[-1.75,3.5,0],"cubes":[{"origin":[-2.5,0,0],"size":[1,4,0],"uv":[2,0]},{"origin":[-3.5,0,0],"size":[1,1,0],"uv":[17,4]},{"origin":[-2.5,-1,0],"size":[1,1,0],"uv":[16,11]},{"origin":[-1.5,0,0],"size":[1,1,0],"uv":[16,10]}]},{"name":"left_arm","parent":"body","pivot":[1.75,3.5,0],"cubes":[{"origin":[1.5,0,0],"size":[1,4,0],"uv":[0,0]},{"origin":[2.5,0,0],"size":[1,1,0],"uv":[15,4]},{"origin":[1.5,-1,0],"size":[1,1,0],"uv":[2,4]},{"origin":[0.5,0,0],"size":[1,1,0],"uv":[0,4]}]},{"name":"left_wing","parent":"body","pivot":[0.5,3,1],"cubes":[{"origin":[0.5,-2,1],"size":[0,5,8],"uv":[0,7]}]},{"name":"right_wing","parent":"body","pivot":[-0.5,3,1],"cubes":[{"origin":[-0.5,-2,1],"size":[0,5,8],"uv":[0,2]}]},{"name":"schwanz","parent":"body","pivot":[0,4,0],"cubes":[{"origin":[0,-4,1],"size":[0,8,2],"uv":[0,18]}]}]}]}