{
	"format_version": "1.12.0",
	"minecraft:geometry": [
		{
			"description": {
				"identifier": "geometry.axolotl_snow",
				"texture_width": 64,
				"texture_height": 64,
				"visible_bounds_width": 3,
				"visible_bounds_height": 3,
				"visible_bounds_offset": [0, 0.5, 0]
			},
			"bones": [
				{
					"name": "root",
					"pivot": [0, 1, 0]
				},
				{
					"name": "head",
					"parent": "root",
					"pivot": [0, 5, 0]
				},
				{
					"name": "look_at",
					"parent": "head",
					"pivot": [0, 5, 0.75],
					"cubes": [
						{"origin": [-4, 5, -2.5], "size": [8, 5, 5], "uv": [0, 1]},
						{"origin": [4, 5, 0], "size": [3, 7, 0], "uv": [11, 40]},
						{"origin": [-4, 10, 0], "size": [8, 3, 0], "uv": [3, 37]},
						{"origin": [-7, 5, 0], "size": [3, 7, 0], "uv": [0, 40]}
					]
				},
				{
					"name": "body",
					"parent": "root",
					"pivot": [0, 5, 0],
					"cubes": [
						{"origin": [0, 0, 4], "size": [0, 5, 12], "pivot": [0, 0, 0], "rotation": [-90, 0, 0], "uv": [2, 19]},
						{"origin": [0, 0, -5], "size": [0, 5, 9], "pivot": [0, 0, 0], "rotation": [-90, 0, 0], "uv": [2, 17]},
						{"origin": [-4, 0, -5], "size": [8, 4, 10], "pivot": [0, 0, 0], "rotation": [-90, 0, 0], "uv": [0, 11]},
						{"origin": [-5.56606, -7, 1.30182], "size": [3, 5, 0], "pivot": [-4.06606, -2, 1.30182], "rotation": [0, 90, 35], "uv": [2, 13]},
						{"origin": [2.5, -7, 1.5], "size": [3, 5, 0], "pivot": [4, -2, 1.5], "rotation": [0, -90, -35], "uv": [2, 13]}
					],
					"locators": {
						"lead": [0, 6, 0]
					}
				},
				{
					"name": "rightItem",
					"parent": "body",
					"pivot": [0, 0, -2],
					"rotation": [-80, 0, 0]
				},
				{
					"name": "right_arm",
					"parent": "body",
					"pivot": [-1.75, 4.5, 0],
					"cubes": [
						{"origin": [-5.56606, 0, 1.30182], "size": [3, 5, 0], "pivot": [-4.06606, 5, 1.30182], "rotation": [0, 90, 35], "uv": [2, 13]}
					]
				},
				{
					"name": "left_arm",
					"parent": "body",
					"pivot": [1.75, 4.5, 0],
					"cubes": [
						{"origin": [2.5, 0, 1.5], "size": [3, 5, 0], "pivot": [4, 5, 1.5], "rotation": [0, -90, -35], "uv": [2, 13]}
					]
				},
				{
					"name": "left_wing",
					"parent": "body",
					"pivot": [0.5, 4, 1]
				},
				{
					"name": "right_wing",
					"parent": "body",
					"pivot": [-0.5, 4, 1]
				}
			]
		}
	]
}