{"format_version":"1.12.0","minecraft:geometry":[{"description":{"identifier":"geometry.bee_more_allays","texture_width":32,"texture_height":32,"visible_bounds_width":3,"visible_bounds_height":2.5,"visible_bounds_offset":[0,0.75,0]},"bones":[{"name":"root","pivot":[0,0,0]},{"name":"head","parent":"root","pivot":[0,4,0]},{"name":"look_at","parent":"head","pivot":[0,4,0.75],"cubes":[{"origin":[-3.5,4.01,-2.5],"size":[7,7,5],"uv":[0,0]},{"origin":[1.5,9.01,-5.5],"size":[0,2,3],"uv":[22,18]},{"origin":[-1.5,9.01,-5.5],"size":[0,2,3],"uv":[19,0]}]},{"name":"stifte","parent":"head","pivot":[-2,3,0]},{"name":"stifte2","parent":"head","pivot":[2,3,0]},{"name":"body","parent":"root","pivot":[0,4,0],"cubes":[{"origin":[-1.5,-2,-1],"size":[3,6,2],"uv":[14,21]},{"origin":[-1.5,-3,-1],"size":[3,7,2],"inflate":-0.2,"uv":[16,12]}],"locators":{"lead":[0,5,0]}},{"name":"rightItem","parent":"body","pivot":[0,-1,-2],"rotation":[-80,0,0]},{"name":"right_arm","parent":"body","pivot":[-1.75,3.5,0],"cubes":[{"origin":[-2.5,-2,-1],"size":[1,6,2],"uv":[6,22]}]},{"name":"left_arm","parent":"body","pivot":[1.75,3.5,0],"cubes":[{"origin":[1.5,-2,-1],"size":[1,6,2],"uv":[0,22]}]},{"name":"left_wing","parent":"body","pivot":[0.5,3,1],"cubes":[{"origin":[0.5,-2,1],"size":[0,5,8],"uv":[0,9]}]},{"name":"right_wing","parent":"body","pivot":[-0.5,3,1],"cubes":[{"origin":[-0.5,-2,1],"size":[0,5,8],"uv":[0,4]}]},{"name":"stachel","parent":"body","pivot":[-1.5,4,-1.3],"cubes":[{"origin":[-0.2,-4.8,-0.5],"size":[0,2,1],"uv":[16,11]}]},{"name":"bein1","parent":"body","pivot":[-1.1,3,-1],"rotation":[20,0,0],"cubes":[{"origin":[-1,2,-3],"size":[0,1,2],"uv":[10,20]}]},{"name":"bein3","parent":"body","pivot":[-1.1,1,-1],"rotation":[20,0,0],"cubes":[{"origin":[-1,0,-3],"size":[0,1,2],"uv":[19,0]}]},{"name":"bein5","parent":"body","pivot":[-1.1,-1,-1],"rotation":[20,0,0],"cubes":[{"origin":[-1,-2,-3],"size":[0,1,2],"uv":[0,1]}]},{"name":"bein2","parent":"body","pivot":[1.1,3,-1],"rotation":[20,0,0],"cubes":[{"origin":[1,2,-3],"size":[0,1,2],"uv":[4,20]}]},{"name":"bein4","parent":"body","pivot":[1.1,1,-1],"rotation":[20,0,0],"cubes":[{"origin":[1,0,-3],"size":[0,1,2],"uv":[0,2]}]},{"name":"bein6","parent":"body","pivot":[1.1,-1,-1],"rotation":[20,0,0],"cubes":[{"origin":[1,-2,-3],"size":[0,1,2],"uv":[0,0]}]}]}]}