{
	"format_version": "1.12.0",
	"minecraft:geometry": [
		{
			"description": {
				"identifier": "geometry.bloon_zombie",
				"texture_width": 32,
				"texture_height": 32,
				"visible_bounds_width": 3,
				"visible_bounds_height": 2.5,
				"visible_bounds_offset": [0, 0.75, 0]
			},
			"bones": [
				{
					"name": "root",
					"pivot": [0, 0, 0]
				},
				{
					"name": "head",
					"parent": "root",
					"pivot": [0, 6, 0],
					"cubes": [
						{"origin": [-2.5, 6, -2.5], "size": [5, 5, 5], "uv": [0, 0]},
						{"origin": [-2.5, 6, -2.5], "size": [5, 5, 5], "uv": [0, 0]}
					]
				},
				{
					"name": "right_ear",
					"parent": "head",
					"pivot": [-1.5, 10, 0],
					"rotation": [0, 0, 35],
					"cubes": [
						{"origin": [-2.5, 7, -1.5], "size": [1, 3, 3], "uv": [18, 7]}
					]
				},
				{
					"name": "left_ear",
					"parent": "head",
					"pivot": [1.5, 10, 0],
					"rotation": [0, 0, -35],
					"mirror": true,
					"cubes": [
						{"origin": [1.5, 7, -1.5], "size": [1, 3, 3], "uv": [18, 7]}
					]
				},
				{
					"name": "hat",
					"parent": "head",
					"pivot": [0, 6, 0],
					"cubes": [
						{"origin": [-2, 11, -2], "size": [3, 1, 3], "uv": [20, 13]}
					]
				},
				{
					"name": "spinner",
					"parent": "hat",
					"pivot": [-0.5, 12, -0.5],
					"cubes": [
						{"origin": [-1, 12, -0.5], "size": [1, 1, 0], "uv": [0, 23]},
						{"origin": [-2, 13, -2], "size": [3, 0, 3], "uv": [-3, 20]}
					]
				},
				{
					"name": "body",
					"parent": "root",
					"pivot": [0, 6, 0],
					"locators": {
						"lead": [0, 6, 0]
					}
				},
				{
					"name": "piglin",
					"parent": "body",
					"pivot": [0, 6, 0],
					"cubes": [
						{"origin": [-1.5, 3, -1], "size": [3, 3, 2], "uv": [0, 10]}
					]
				},
				{
					"name": "right_leg",
					"parent": "piglin",
					"pivot": [-1, 3, 0],
					"cubes": [
						{"origin": [-1.5, 1, -1], "size": [1, 2, 2], "uv": [10, 10]}
					]
				},
				{
					"name": "left_leg",
					"parent": "piglin",
					"pivot": [1, 3, 0],
					"mirror": true,
					"cubes": [
						{"origin": [0.5, 1, -1], "size": [1, 2, 2], "uv": [10, 10]}
					]
				},
				{
					"name": "left_arm",
					"parent": "body",
					"pivot": [1.75, 5.5, 0],
					"cubes": [
						{"origin": [1.5, 2, -1], "size": [1, 4, 2], "uv": [26, 6]}
					]
				},
				{
					"name": "right_arm",
					"parent": "body",
					"pivot": [-1.75, 5.5, 0],
					"cubes": [
						{"origin": [-2.5, 2, -1], "size": [1, 4, 2], "uv": [26, 0]}
					]
				},
				{
					"name": "left_wing",
					"parent": "body",
					"pivot": [0.5, 6, 1]
				},
				{
					"name": "right_wing",
					"parent": "body",
					"pivot": [-0.5, 6, 1]
				},
				{
					"name": "bloon",
					"parent": "body",
					"pivot": [0, 3, 1],
					"rotation": [-90, 0, 0],
					"cubes": [
						{"origin": [-1.5, 3, 1], "size": [3, 6, 0], "uv": [21, 18]},
						{"origin": [-3.5, 9, -2.5], "size": [7, 8, 7], "uv": [0, 17]}
					]
				},
				{
					"name": "rightItem",
					"parent": "body",
					"pivot": [0, 0, -2],
					"rotation": [-80, 0, 0]
				}
			]
		}
	]
}