{"format_version":"1.12.0","minecraft:geometry":[{"description":{"identifier":"geometry.blu","texture_width":32,"texture_height":32,"visible_bounds_width":3,"visible_bounds_height":2.1,"visible_bounds_offset":[0,0.95,0]},"bones":[{"name":"root","pivot":[0,1,0]},{"name":"head","parent":"root","pivot":[0,5,0]},{"name":"look_at","parent":"head","pivot":[0,5,0.75],"cubes":[{"origin":[-2.5,5,-2.5],"size":[5,5,5],"uv":{"north":{"uv":[5,5],"uv_size":[5,5]},"east":{"uv":[0,5],"uv_size":[5,5]},"south":{"uv":[15,5],"uv_size":[5,5]},"west":{"uv":[10,5],"uv_size":[5,5]},"up":{"uv":[5,0],"uv_size":[5,5]},"down":{"uv":[10,5],"uv_size":[5,-5]}}},{"origin":[-2.15,9,-3.2],"size":[0.8,0.8,5],"uv":{"north":{"uv":[17,18],"uv_size":[-1,1]},"east":{"uv":[17,17],"uv_size":[-1,1]},"south":{"uv":[16,17],"uv_size":[1,1]},"west":{"uv":[16,18],"uv_size":[1,-1]},"up":{"uv":[17,17],"uv_size":[-1,1]},"down":{"uv":[17,18],"uv_size":[-1,-1]}}},{"origin":[1.35,9,-3.5],"size":[0.8,2,0.5],"uv":{"north":{"uv":[16,17],"uv_size":[0,2]},"east":{"uv":[16,17],"uv_size":[0,2]},"south":{"uv":[16,17],"uv_size":[0,2]},"west":{"uv":[16,17],"uv_size":[0,2]},"up":{"uv":[16,17],"uv_size":[0,0]},"down":{"uv":[16,17],"uv_size":[0,0]}}},{"origin":[-2.15,9,-3.5],"size":[0.8,2,0.5],"uv":{"north":{"uv":[16,17],"uv_size":[0,2]},"east":{"uv":[16,17],"uv_size":[0,2]},"south":{"uv":[16,17],"uv_size":[0,2]},"west":{"uv":[16,17],"uv_size":[0,2]},"up":{"uv":[16,17],"uv_size":[0,0]},"down":{"uv":[16,17],"uv_size":[0,0]}}},{"origin":[1.35,9,-3.2],"size":[0.8,0.8,5],"uv":{"north":{"uv":[16,18],"uv_size":[1,-1]},"east":{"uv":[16,18],"uv_size":[1,-1]},"south":{"uv":[17,17],"uv_size":[-1,1]},"west":{"uv":[16,17],"uv_size":[1,1]},"up":{"uv":[17,17],"uv_size":[-1,1]},"down":{"uv":[17,18],"uv_size":[-1,-1]}}},{"origin":[-2.8,8.3,-2.51],"size":[1.5,1,0.5],"uv":{"north":{"uv":[20,14],"uv_size":[1,1]},"east":{"uv":[20,14],"uv_size":[0,1]},"south":{"uv":[21,14],"uv_size":[1,1]},"west":{"uv":[21,14],"uv_size":[0,1]},"up":{"uv":[20,14],"uv_size":[1,0]},"down":{"uv":[21,14],"uv_size":[1,0]}}},{"origin":[-2.8,5.3,-2.51],"size":[0.5,3,0.5],"uv":{"north":{"uv":[20,14],"uv_size":[0,3]},"east":{"uv":[20,14],"uv_size":[0,3]},"south":{"uv":[20,14],"uv_size":[0,3]},"west":{"uv":[20,14],"uv_size":[0,3]},"up":{"uv":[20,14],"uv_size":[0,0]},"down":{"uv":[20,14],"uv_size":[0,0]}}},{"origin":[-2.6,4.9,-2.51],"size":[0.6,0.4,0.5],"uv":{"north":{"uv":[21,14],"uv_size":[0,0]},"east":{"uv":[21,14],"uv_size":[0,0]},"south":{"uv":[21,14],"uv_size":[0,0]},"west":{"uv":[21,14],"uv_size":[0,0]},"up":{"uv":[21,14],"uv_size":[0,0]},"down":{"uv":[21,14],"uv_size":[0,0]}}},{"origin":[2,4.9,-2.51],"size":[0.6,0.4,0.5],"uv":{"north":{"uv":[21,14],"uv_size":[0,0]},"east":{"uv":[21,14],"uv_size":[0,0]},"south":{"uv":[21,14],"uv_size":[0,0]},"west":{"uv":[21,14],"uv_size":[0,0]},"up":{"uv":[21,14],"uv_size":[0,0]},"down":{"uv":[21,14],"uv_size":[0,0]}}},{"origin":[1.3,8.3,-2.51],"size":[1.5,1,0.5],"uv":{"north":{"uv":[21,14],"uv_size":[-1,1]},"east":{"uv":[21,14],"uv_size":[0,1]},"south":{"uv":[22,14],"uv_size":[-1,1]},"west":{"uv":[20,14],"uv_size":[0,1]},"up":{"uv":[21,14],"uv_size":[-1,0]},"down":{"uv":[22,14],"uv_size":[-1,0]}}},{"origin":[2.3,5.3,-2.51],"size":[0.5,3,0.5],"uv":{"north":{"uv":[20,14],"uv_size":[0,3]},"east":{"uv":[20,14],"uv_size":[0,3]},"south":{"uv":[20,14],"uv_size":[0,3]},"west":{"uv":[20,14],"uv_size":[0,3]},"up":{"uv":[20,14],"uv_size":[0,0]},"down":{"uv":[20,14],"uv_size":[0,0]}}},{"origin":[-1.5,7,-2.7],"size":[0.5,1,0.5],"uv":{"north":{"uv":[1,29],"uv_size":[0,1]},"east":{"uv":[1,29],"uv_size":[0,1]},"south":{"uv":[1,29],"uv_size":[0,1]},"west":{"uv":[1,29],"uv_size":[0,1]},"up":{"uv":[1,29],"uv_size":[0,0]},"down":{"uv":[1,29],"uv_size":[0,0]}}},{"origin":[-1,7,-2.7],"size":[0.5,1,0.5],"uv":{"north":{"uv":[8,28],"uv_size":[0,1]},"east":{"uv":[8,28],"uv_size":[0,1]},"south":{"uv":[8,28],"uv_size":[0,1]},"west":{"uv":[8,28],"uv_size":[0,1]},"up":{"uv":[8,28],"uv_size":[0,0]},"down":{"uv":[8,28],"uv_size":[0,0]}}},{"origin":[1,7,-2.7],"size":[0.5,1,0.5],"uv":{"north":{"uv":[1,28],"uv_size":[0,1]},"east":{"uv":[1,28],"uv_size":[0,1]},"south":{"uv":[1,28],"uv_size":[0,1]},"west":{"uv":[1,28],"uv_size":[0,1]},"up":{"uv":[1,28],"uv_size":[0,0]},"down":{"uv":[1,28],"uv_size":[0,0]}}},{"origin":[0.5,7,-2.7],"size":[0.5,1,0.5],"uv":{"north":{"uv":[8,28],"uv_size":[0,1]},"east":{"uv":[8,28],"uv_size":[0,1]},"south":{"uv":[8,28],"uv_size":[0,1]},"west":{"uv":[8,28],"uv_size":[0,1]},"up":{"uv":[8,28],"uv_size":[0,0]},"down":{"uv":[8,28],"uv_size":[0,0]}}},{"origin":[0.4,5.7,-2.7],"size":[0.5,0.5,0.5],"uv":{"north":{"uv":[4,28],"uv_size":[1,1]},"east":{"uv":[5,28],"uv_size":[-1,1]},"south":{"uv":[5,29],"uv_size":[-1,-1]},"west":{"uv":[5,29],"uv_size":[-1,-1]},"up":{"uv":[4,29],"uv_size":[1,-1]},"down":{"uv":[4,29],"uv_size":[1,-1]}}},{"origin":[-2.5,2,2.3],"size":[5,3,0.2],"uv":{"north":{"uv":[22,13],"uv_size":[5,3]},"east":{"uv":[22,13],"uv_size":[0,3]},"south":{"uv":[27,13],"uv_size":[5,3]},"west":{"uv":[27,13],"uv_size":[0,3]},"up":{"uv":[22,13],"uv_size":[5,0]},"down":{"uv":[27,13],"uv_size":[5,0]}}},{"origin":[2.25,6.5,-0.5],"size":[0.5,1,1],"pivot":[3,7,0.75],"rotation":[0,7.5,0],"uv":{"north":{"uv":[12,27],"uv_size":[0,1]},"east":{"uv":[11,27],"uv_size":[1,1]},"south":{"uv":[13,27],"uv_size":[0,1]},"west":{"uv":[12,27],"uv_size":[1,1]},"up":{"uv":[12,26],"uv_size":[0,1]},"down":{"uv":[12,27],"uv_size":[0,-1]}}},{"origin":[2.7,7.1,0.1],"size":[0.2,0.5,1],"pivot":[4,7,1.75],"rotation":[0,7.5,0],"uv":{"north":{"uv":[14,27],"uv_size":[-1,1]},"east":{"uv":[13,28],"uv_size":[1,-1]},"south":{"uv":[14,27],"uv_size":[-1,1]},"west":{"uv":[13,27],"uv_size":[1,1]},"up":{"uv":[14,27],"uv_size":[-1,1]},"down":{"uv":[13,28],"uv_size":[1,-1]}}},{"origin":[-2.9,7.1,0.1],"size":[0.2,0.5,1],"pivot":[-4,7,1.75],"rotation":[0,-7.5,0],"uv":{"north":{"uv":[13,27],"uv_size":[1,1]},"east":{"uv":[14,27],"uv_size":[-1,1]},"south":{"uv":[13,27],"uv_size":[1,1]},"west":{"uv":[14,28],"uv_size":[-1,-1]},"up":{"uv":[13,27],"uv_size":[1,1]},"down":{"uv":[14,28],"uv_size":[-1,-1]}}},{"origin":[-2.75,6.5,-0.5],"size":[0.5,1,1],"pivot":[-3,7,0.75],"rotation":[0,-7.5,0],"uv":{"north":{"uv":[12,27],"uv_size":[0,1]},"east":{"uv":[13,27],"uv_size":[-1,1]},"south":{"uv":[13,27],"uv_size":[0,1]},"west":{"uv":[12,27],"uv_size":[-1,1]},"up":{"uv":[12,26],"uv_size":[0,1]},"down":{"uv":[12,27],"uv_size":[0,-1]}}}]},{"name":"body","parent":"root","pivot":[0,5,0],"cubes":[{"origin":[-1.5,1,-1],"size":[3,4,2],"uv":{"north":{"uv":[2,12],"uv_size":[3,4]},"east":{"uv":[0,12],"uv_size":[2,4]},"south":{"uv":[7,12],"uv_size":[3,4]},"west":{"uv":[5,12],"uv_size":[2,4]},"up":{"uv":[2,10],"uv_size":[3,2]},"down":{"uv":[5,12],"uv_size":[3,-2]}}},{"origin":[-1.5,0,-1],"size":[3,5,2],"inflate":-0.2,"uv":{"north":{"uv":[2,18],"uv_size":[3,5]},"east":{"uv":[0,18],"uv_size":[2,5]},"south":{"uv":[7,18],"uv_size":[3,5]},"west":{"uv":[5,18],"uv_size":[2,5]},"up":{"uv":[2,16],"uv_size":[3,2]},"down":{"uv":[5,18],"uv_size":[3,-2]}}}],"locators":{"lead":[0,6,0]}},{"name":"rightItem","parent":"body","pivot":[0,0,-2],"rotation":[-80,0,0]},{"name":"right_arm","parent":"body","pivot":[-1.75,4.5,0],"cubes":[{"origin":[-3.5,1,-1],"size":[1,4,2],"pivot":[-1,0,0],"rotation":[0,0,12.5],"uv":{"north":{"uv":[25,2],"uv_size":[1,4]},"east":{"uv":[23,2],"uv_size":[2,4]},"south":{"uv":[28,2],"uv_size":[1,4]},"west":{"uv":[26,2],"uv_size":[2,4]},"up":{"uv":[25,0],"uv_size":[1,2]},"down":{"uv":[26,2],"uv_size":[1,-2]}}}]},{"name":"left_arm","parent":"body","pivot":[1.75,4.5,0],"cubes":[{"origin":[2.5,1,-1],"size":[1,4,2],"pivot":[1,0,0],"rotation":[0,0,-12.5],"uv":{"north":{"uv":[26,2],"uv_size":[-1,4]},"east":{"uv":[28,2],"uv_size":[-2,4]},"south":{"uv":[29,2],"uv_size":[-1,4]},"west":{"uv":[25,2],"uv_size":[-2,4]},"up":{"uv":[26,0],"uv_size":[-1,2]},"down":{"uv":[27,2],"uv_size":[-1,-2]}}}]},{"name":"left_wing","parent":"body","pivot":[0.5,4,1],"cubes":[{"origin":[0.5,0,1],"size":[0,5,8],"pivot":[0,1,0],"rotation":[0,15,0],"uv":{"north":{"uv":[24,22],"uv_size":[0,5]},"east":{"uv":[32,22],"uv_size":[-8,5]},"south":{"uv":[32,22],"uv_size":[0,5]},"west":{"uv":[24,22],"uv_size":[-8,5]},"up":{"uv":[24,14],"uv_size":[0,8]},"down":{"uv":[24,22],"uv_size":[0,-8]}}}]},{"name":"right_wing","parent":"body","pivot":[-0.5,4,1],"cubes":[{"origin":[-0.5,0,1],"size":[0,5,8],"pivot":[0,1,0],"rotation":[0,-15,0],"uv":{"north":{"uv":[24,22],"uv_size":[0,5]},"east":{"uv":[16,22],"uv_size":[8,5]},"south":{"uv":[32,22],"uv_size":[0,5]},"west":{"uv":[24,22],"uv_size":[8,5]},"up":{"uv":[24,14],"uv_size":[0,8]},"down":{"uv":[24,22],"uv_size":[0,-8]}}}]}]}]}