{
	"format_version": "1.12.0",
	"minecraft:geometry": [
		{
			"description": {
				"identifier": "geometry.broken_vessel",
				"texture_width": 64,
				"texture_height": 64,
				"visible_bounds_width": 2,
				"visible_bounds_height": 2.5,
				"visible_bounds_offset": [0, 0.75, 0]
			},
			"bones": [
				{
					"name": "root",
					"pivot": [0, 0, 0]
				},
				{
					"name": "body",
					"parent": "root",
					"pivot": [0, 6, 0],
					"cubes": [
						{"origin": [-1.5, 3, -1], "size": [3, 3, 2], "uv": [0, 10]},
						{"origin": [-2.5, 1, -1], "size": [5, 5, 2], "inflate": 0.02, "uv": [10, 10]},
						{"origin": [-5.5, 1, -3], "size": [11, 0, 9], "uv": [-9, 32]},
						{"origin": [-1.5, 1, -1], "size": [1, 2, 2], "uv": [0, 16]}
					],
					"locators": {
						"lead": [0, 6, 0]
					}
				},
				{
					"name": "body_sub_0",
					"parent": "body",
					"pivot": [0, 0, 0],
					"mirror": true,
					"cubes": [
						{"origin": [0.5, 1, -1], "size": [1, 2, 2], "uv": [0, 16]}
					]
				},
				{
					"name": "left_arm",
					"parent": "body",
					"pivot": [1.75, 5.5, 0]
				},
				{
					"name": "left_arm2",
					"parent": "left_arm",
					"pivot": [1.75, 5.5, 0],
					"cubes": [
						{"origin": [1.5, 2, -1], "size": [1, 4, 2], "uv": [23, 6]}
					]
				},
				{
					"name": "right_arm",
					"parent": "body",
					"pivot": [-1.75, 5.5, 0],
					"mirror": true
				},
				{
					"name": "right_arm2",
					"parent": "right_arm",
					"pivot": [-1.75, 5.5, 0],
					"mirror": true,
					"cubes": [
						{"origin": [-2.5, 2, -1], "size": [1, 4, 2], "uv": [23, 0]}
					]
				},
				{
					"name": "left_wing",
					"parent": "body",
					"pivot": [0.5, 6, 1]
				},
				{
					"name": "right_wing",
					"parent": "body",
					"pivot": [-0.5, 6, 1]
				},
				{
					"name": "rightItem",
					"parent": "body",
					"pivot": [0, 0, -2],
					"rotation": [-80, 0, 0]
				},
				{
					"name": "head",
					"parent": "root",
					"pivot": [0, 6, 0],
					"cubes": [
						{"origin": [-2.5, 6, -2.5], "size": [5, 5, 5], "uv": [0, 0]}
					]
				},
				{
					"name": "head_part",
					"parent": "head",
					"pivot": [0, 6, 0],
					"mirror": true,
					"cubes": [
						{"origin": [-0.5, 11, -2.5], "size": [2, 3, 0], "uv": [0, 29]}
					]
				},
				{
					"name": "horn",
					"parent": "head_part",
					"pivot": [2.5, 10, -2.5],
					"rotation": [0, -22.5, 0],
					"mirror": true,
					"cubes": [
						{"origin": [2.5, 10, -2.5], "size": [2, 5, 0], "uv": [0, 24]}
					]
				},
				{
					"name": "orang",
					"parent": "head",
					"pivot": [2.5, 11, 0],
					"rotation": [0, 0, -12.5],
					"cubes": [
						{"origin": [-5.5, 11, -2.5], "size": [8, 5, 5], "inflate": -0.01, "uv": [4, 22]},
						{"origin": [-2.5, 16, -0.5], "size": [2, 3, 1], "inflate": -0.01, "uv": [25, 23]},
						{"origin": [-5.5, 16, -1.5], "size": [2, 2, 1], "inflate": -0.01, "uv": [25, 23]}
					]
				}
			]
		}
	]
}