{
	"format_version": "1.12.0",
	"minecraft:geometry": [
		{
			"description": {
				"identifier": "geometry.crystal",
				"texture_width": 32,
				"texture_height": 32,
				"visible_bounds_width": 3,
				"visible_bounds_height": 2.1,
				"visible_bounds_offset": [0, 0.95, 0]
			},
			"bones": [
				{
					"name": "body",
					"pivot": [0, 5, 0],
					"locators": {
						"lead": [0, 6, 0]
					}
				},
				{
					"name": "right_arm",
					"parent": "body",
					"pivot": [-1.75, 4.5, 0],
					"cubes": [
						{"origin": [-2.5, 1, -1], "size": [1, 4, 2], "uv": [23, 0]}
					]
				},
				{
					"name": "left_arm",
					"parent": "body",
					"pivot": [1.75, 4.5, 0],
					"cubes": [
						{"origin": [1.5, 1, -1], "size": [1, 4, 2], "uv": [23, 6]}
					]
				},
				{
					"name": "left_wing",
					"parent": "body",
					"pivot": [0.5, 4, 1],
					"cubes": [
						{"origin": [0.5, -1, 1], "size": [0, 5, 8], "uv": [16, 14]}
					]
				},
				{
					"name": "right_wing",
					"parent": "body",
					"pivot": [-0.5, 4, 1],
					"cubes": [
						{"origin": [-0.5, -1, 1], "size": [0, 5, 8], "uv": [16, 14]}
					]
				},
				{
					"name": "body2",
					"parent": "body",
					"pivot": [0, 5, 0],
					"cubes": [
						{"origin": [-1.5, 1, -1], "size": [3, 4, 2], "uv": [0, 10]},
						{"origin": [-1.5, 2, -1], "size": [3, 0, 2], "uv": [13, 0]},
						{"origin": [-1.5, 0, -1], "size": [3, 5, 2], "inflate": -0.2, "uv": [0, 16]},
						{"origin": [0.25, 0, -1], "size": [3, 5, 2], "inflate": -0.2, "uv": [22, 12]}
					]
				},
				{
					"name": "body_sub_0",
					"parent": "body2",
					"pivot": [0, -1, 0],
					"mirror": true,
					"cubes": [
						{"origin": [-3.25, 0, -1], "size": [3, 5, 2], "inflate": -0.2, "uv": [22, 12]}
					]
				},
				{
					"name": "rightItem",
					"parent": "body",
					"pivot": [0, 0, -2],
					"rotation": [-80, 0, 0]
				},
				{
					"name": "head",
					"pivot": [0, 5, 0]
				},
				{
					"name": "look_at",
					"parent": "head",
					"pivot": [0, 5, 0.75],
					"cubes": [
						{"origin": [-2.5, 5.01, -2.5], "size": [5, 5, 5], "uv": [0, 0]}
					]
				},
				{
					"name": "head_part",
					"parent": "look_at",
					"pivot": [0, 6, 0]
				},
				{
					"name": "bone",
					"parent": "head_part",
					"pivot": [1, 11, -1],
					"rotation": [0, 25, 0],
					"cubes": [
						{"origin": [-2.5, 10, -1], "size": [7, 9, 0], "uv": [0, 23]},
						{"origin": [1, 10, -4.5], "size": [0, 9, 7], "uv": [0, 16]}
					]
				}
			]
		}
	]
}