{
	"format_version": "1.12.0",
	"minecraft:geometry": [
		{
			"description": {
				"identifier": "geometry.dark_matter",
				"texture_width": 32,
				"texture_height": 32,
				"visible_bounds_width": 3,
				"visible_bounds_height": 2.1,
				"visible_bounds_offset": [0, 0.95, 0]
			},
			"bones": [
				{
					"name": "root",
					"pivot": [0, 1, 0]
				},
				{
					"name": "head",
					"parent": "root",
					"pivot": [0, 5, 0]
				},
				{
					"name": "look_at",
					"parent": "head",
					"pivot": [-0.5, 5, 0.75],
					"cubes": [
						{
							"origin": [-3.1, 1.11, -3.5],
							"size": [6, 6.5, 6],
							"uv": {
								"north": {"uv": [0, 13], "uv_size": [6, 6.5]},
								"east": {"uv": [6, 13], "uv_size": [6, 6.5]},
								"south": {"uv": [12, 16], "uv_size": [6, 6.5]},
								"west": {"uv": [12, 16], "uv_size": [6, 6.5]},
								"up": {"uv": [18, 0], "uv_size": [6, 6]},
								"down": {"uv": [18, 12], "uv_size": [6, -6]}
							}
						},
						{
							"origin": [-3.1, -0.39, -3.5],
							"size": [6, 8, 6],
							"inflate": 0.3,
							"uv": {
								"north": {"uv": [0, 5], "uv_size": [6, 8]},
								"east": {"uv": [6, 5], "uv_size": [6, 8]},
								"south": {"uv": [12, 0], "uv_size": [6, 8]},
								"west": {"uv": [12, 8], "uv_size": [6, 8]},
								"up": {"uv": [18, 12], "uv_size": [6, 6]},
								"down": {"uv": [18, 24], "uv_size": [6, -6]}
							}
						},
						{
							"origin": [-4.95, 3.21, -2.1],
							"size": [1.5, 1, 4],
							"uv": {
								"north": {"uv": [4, 21], "uv_size": [1.5, 1]},
								"east": {"uv": [8, 4], "uv_size": [4, 1]},
								"south": {"uv": [6, 21], "uv_size": [1.5, 1]},
								"west": {"uv": [4, 20], "uv_size": [4, 1]},
								"up": {"uv": [8, 0], "uv_size": [1.5, 4]},
								"down": {"uv": [10, 4], "uv_size": [1.5, -4]}
							}
						},
						{
							"origin": [3.25, 3.21, -2.1],
							"size": [1.5, 1, 4],
							"uv": {
								"north": {"uv": [8, 21], "uv_size": [1.5, 1]},
								"east": {"uv": [8, 20], "uv_size": [4, 1]},
								"south": {"uv": [4, 21], "uv_size": [1.5, 1]},
								"west": {"uv": [8, 4], "uv_size": [4, 1]},
								"up": {"uv": [0, 20], "uv_size": [1.5, 4]},
								"down": {"uv": [2, 24], "uv_size": [1.5, -4]}
							}
						}
					]
				},
				{
					"name": "Hair",
					"parent": "look_at",
					"pivot": [-1.3, 9.8, -0.3],
					"cubes": [
						{"origin": [0, 6.81, -0.3], "size": [2, 3, 2], "pivot": [1, 8.25, 0.5], "rotation": [-38.57083, -10.50199, 30.64188], "uv": [0, 0]},
						{"origin": [1.5, 6.31, -2.8], "size": [2, 3, 2], "pivot": [2.5, 8, -2], "rotation": [-32.27733, 4.02155, 36.33586], "uv": [0, 0]},
						{"origin": [1.9, 5.21, -0.4], "size": [2, 3, 2], "pivot": [2.9, 6.7, 0.6], "rotation": [-49.38337, 33.50517, 36.31027], "uv": [0, 0]},
						{"origin": [1.9, 5.21, -0.4], "size": [2, 3, 2], "pivot": [2.9, 6.7, 0.6], "rotation": [-49.38337, 33.50517, 36.31027], "uv": [0, 0]},
						{"origin": [-1.1, 7.11, -3.2], "size": [2, 3, 2], "pivot": [-0.1, 8.3, -2.3], "rotation": [-35, 0, 0], "uv": [0, 0]},
						{"origin": [-3.9, 5.21, -0.4], "size": [2, 3, 2], "pivot": [-2.9, 6.7, 0.6], "rotation": [-49.38337, -33.50517, -36.31027], "uv": [0, 0], "mirror": true},
						{"origin": [-2, 6.81, -0.3], "size": [2, 3, 2], "pivot": [-1, 8.25, 0.5], "rotation": [-38.57083, 10.50199, -30.64188], "uv": [0, 0], "mirror": true},
						{"origin": [-3.5, 6.31, -2.8], "size": [2, 3, 2], "pivot": [-2.5, 8, -2], "rotation": [-32.27733, -4.02155, -36.33586], "uv": [0, 0], "mirror": true},
						{"origin": [-3.9, 5.21, -0.4], "size": [2, 3, 2], "pivot": [-2.9, 6.7, 0.6], "rotation": [-49.38337, -33.50517, -36.31027], "uv": [0, 0], "mirror": true}
					]
				},
				{
					"name": "body",
					"parent": "root",
					"pivot": [0, 5, 0],
					"cubes": [
						{"origin": [-1.5, 1, -1], "size": [3, 4, 2], "uv": [22, 23]},
						{"origin": [-1.5, 0, -1], "size": [3, 5, 2], "inflate": -0.2, "uv": [22, 23]}
					],
					"locators": {
						"lead": [0, 6, 0]
					}
				},
				{
					"name": "rightItem",
					"parent": "body",
					"pivot": [0, 0, -2],
					"rotation": [-80, 0, 0]
				},
				{
					"name": "right_arm",
					"parent": "body",
					"pivot": [-1.75, 4.5, 0],
					"cubes": [
						{"origin": [-2.5, 1, -1], "size": [1, 4, 2], "uv": [25, 23]}
					]
				},
				{
					"name": "left_arm",
					"parent": "body",
					"pivot": [1.75, 4.5, 0],
					"cubes": [
						{"origin": [1.5, 1, -1], "size": [1, 4, 2], "uv": [25, 23]}
					]
				},
				{
					"name": "left_wing",
					"parent": "body",
					"pivot": [0.5, 4, 1],
					"cubes": [
						{"origin": [0.5, -1, 1], "size": [0, 5, 8], "uv": [16, 15]}
					]
				},
				{
					"name": "right_wing",
					"parent": "body",
					"pivot": [-0.5, 4, 1],
					"cubes": [
						{"origin": [-0.5, -1, 1], "size": [0, 5, 8], "uv": [16, 15]}
					]
				}
			]
		}
	]
}
