{
	"format_version": "1.12.0",
	"minecraft:geometry": [
		{
			"description": {
				"identifier": "geometry.dark_matter3",
				"texture_width": 32,
				"texture_height": 32,
				"visible_bounds_width": 3,
				"visible_bounds_height": 2.1,
				"visible_bounds_offset": [0, 0.95, 0]
			},
			"bones": [
				{
					"name": "root",
					"pivot": [0, 1, 0]
				},
				{
					"name": "head",
					"parent": "root",
					"pivot": [0, 5, 0]
				},
				{
					"name": "look_at",
					"parent": "head",
					"pivot": [0, 5, 0.75],
					"cubes": [
						{"origin": [-4, 2, -3], "size": [8, 8, 8], "uv": [0, 0]},
						{"origin": [-2, 4.5, -4], "size": [4, 3, 1], "uv": [12, 16]},
						{"origin": [-1.3, 8.5, 0.25], "size": [3, 3, 3], "uv": [0, 16]},
						{"origin": [-1.3, 0.5, 0.25], "size": [3, 3, 3], "uv": [0, 16]},
						{"origin": [2.5, 8.5, 0.25], "size": [3, 3, 3], "uv": [0, 16]},
						{"origin": [-5.5, 4.25, 0.25], "size": [3, 3, 3], "uv": [0, 16]},
						{"origin": [2.5, 4.25, 0.25], "size": [3, 3, 3], "uv": [0, 16]},
						{"origin": [-5.5, 0.5, 0.25], "size": [3, 3, 3], "uv": [0, 16]},
						{"origin": [2.5, 0.5, 0.25], "size": [3, 3, 3], "uv": [0, 16]},
						{"origin": [-5.45, 8.5, 0.25], "size": [3, 3, 3], "uv": [0, 16]}
					]
				},
				{
					"name": "body",
					"parent": "root",
					"pivot": [0, 5, 0],
					"cubes": [
						{"origin": [-1.5, 1, -1], "size": [3, 4, 2], "uv": [22, 20]},
						{"origin": [-1.5, 0, -1], "size": [3, 5, 2], "inflate": -0.2, "uv": [22, 19]}
					],
					"locators": {
						"lead": [0, 6, 0]
					}
				},
				{
					"name": "rightItem",
					"parent": "body",
					"pivot": [0, 0, -2],
					"rotation": [-80, 0, 0]
				},
				{
					"name": "right_arm",
					"parent": "body",
					"pivot": [-1.75, 4.5, 0],
					"cubes": [
						{"origin": [-2.5, 1, -1], "size": [1, 4, 2], "uv": [26, 16]}
					]
				},
				{
					"name": "left_arm",
					"parent": "body",
					"pivot": [1.75, 4.5, 0],
					"cubes": [
						{"origin": [1.5, 1, -1], "size": [1, 4, 2], "uv": [26, 16]}
					]
				},
				{
					"name": "left_wing",
					"parent": "body",
					"pivot": [0.5, 4, 1],
					"cubes": [
						{"origin": [0.5, -1, 1], "size": [0, 5, 8], "uv": [16, 19]}
					]
				},
				{
					"name": "right_wing",
					"parent": "body",
					"pivot": [-0.5, 4, 1],
					"cubes": [
						{"origin": [-0.5, -1, 1], "size": [0, 5, 8], "uv": [16, 19]}
					]
				}
			]
		}
	]
}
