{
	"format_version": "1.12.0",
	"minecraft:geometry": [
		{
			"description": {
				"identifier": "geometry.eggmanclassic",
				"texture_width": 64,
				"texture_height": 64,
				"visible_bounds_width": 3,
				"visible_bounds_height": 2.5,
				"visible_bounds_offset": [0, 0.75, 0]
			},
			"bones": [
				{
					"name": "root",
					"pivot": [0, 0, 0]
				},
				{
					"name": "head",
					"parent": "root",
					"pivot": [0, 6, -1]
				},
				{
					"name": "look_at",
					"parent": "head",
					"pivot": [0, 5, 0.75],
					"cubes": [
						{"origin": [-2.5, 6, -3], "size": [5, 4, 5], "uv": [0, 28]},
						{"origin": [-3.5, 4.9, -3.01], "size": [7, 3, 0], "uv": [34, 16]},
						{"origin": [-0.5, 6.4, -4], "size": [1, 1, 1], "uv": [6, 37]}
					]
				},
				{
					"name": "body",
					"parent": "root",
					"pivot": [0, 6, 0],
					"cubes": [
						{"origin": [-3.5, 0, -4], "size": [7, 6, 7], "uv": [36, 21]},
						{"origin": [-4.5, -1, -4.5], "size": [9, 5, 8], "inflate": 0.1, "uv": [0, 14]},
						{"origin": [-4.5, -1, -4.5], "size": [9, 6, 8], "inflate": 0.05, "uv": [0, 0]},
						{"origin": [-3.5, 4, -4.5], "size": [7, 2, 1], "uv": [34, 13]},
						{"origin": [-1.5, -2, -2], "size": [3, 2, 3], "uv": [16, 15]},
						{"origin": [0.5, 0, 7], "size": [0, 4, 4], "uv": [36, 34]},
						{"origin": [-0.5, 0, 7], "size": [0, 4, 4], "uv": [36, 34]},
						{"origin": [4.5, 1, -1], "size": [2, 2, 3], "uv": [50, 16]},
						{"origin": [-6.5, 1, -1], "size": [2, 2, 3], "uv": [50, 16]},
						{"origin": [-1.5, 2, 3.5], "size": [3, 2, 2], "uv": [35, 34]},
						{"origin": [-1, 1, 3.5], "size": [2, 2, 2], "uv": [56, 37]},
						{"origin": [-1.5, 0.5, 5], "size": [3, 3, 2], "uv": [54, 35]},
						{"origin": [-7, 2, -1.5], "size": [2.5, 0, 4], "uv": [56, 24]},
						{"origin": [4.5, 2, -1.5], "size": [2.5, 0, 4], "uv": [56, 24]},
						{"origin": [-1.5, 1, -5.5], "size": [3, 2, 1], "uv": [0, 1]},
						{"origin": [-1, -2.1, -1.5], "size": [2, 0, 2], "uv": [43, 7]},
						{"origin": [-1, 1, 7.0002], "size": [2, 2, 0], "uv": [26, 35]}
					],
					"locators": {
						"lead": [0, 6, 0]
					}
				},
				{
					"name": "left_leg",
					"parent": "body",
					"pivot": [1, 2, 0]
				},
				{
					"name": "right_leg",
					"parent": "body",
					"pivot": [-1, 2, 0]
				},
				{
					"name": "right_arm",
					"parent": "body",
					"pivot": [-3.75, 5.5, 0],
					"mirror": true,
					"cubes": [
						{"origin": [-4.5, 1, -1], "size": [1, 5, 2], "uv": [34, 19]}
					]
				},
				{
					"name": "left_arm",
					"parent": "body",
					"pivot": [3.75, 5.5, 0],
					"cubes": [
						{"origin": [3.5, 1, -1], "size": [1, 5, 2], "uv": [34, 19]}
					]
				},
				{
					"name": "left_wing",
					"parent": "body",
					"pivot": [0.5, 2, 1]
				},
				{
					"name": "right_wing",
					"parent": "body",
					"pivot": [-0.5, 6, 1]
				},
				{
					"name": "rightItem",
					"parent": "body",
					"pivot": [0, 5, -6],
					"rotation": [-80, 0, 0]
				}
			]
		}
	]
}