{
	"format_version": "1.12.0",
	"minecraft:geometry": [
		{
			"description": {
				"identifier": "geometry.eggman",
				"texture_width": 64,
				"texture_height": 64,
				"visible_bounds_width": 2,
				"visible_bounds_height": 2.5,
				"visible_bounds_offset": [0, 0.75, 0]
			},
			"bones": [
				{
					"name": "root",
					"pivot": [0, 0, 0]
				},
				{
					"name": "head",
					"parent": "root",
					"pivot": [0, 6, 0],
					"cubes": [
						{"origin": [-2.5, 6, -2.5], "size": [5, 5, 5], "uv": [0, 27]},
						{"origin": [-2.5, 6, -2.5], "size": [5, 5, 5], "inflate": 0.25, "uv": [20, 27]},
						{"origin": [-3.5, 4.9, -3], "size": [7, 3, 0], "uv": [34, 16]},
						{"origin": [-0.5, 6.4, -3.5], "size": [1, 1, 1], "uv": [6, 37]}
					]
				},
				{
					"name": "body",
					"parent": "root",
					"pivot": [0, 6, 0],
					"cubes": [
						{"origin": [-2.5, 2, -2], "size": [5, 4, 4], "uv": [34, 0]},
						{"origin": [-2.5, 1, -2], "size": [5, 1, 4], "uv": [34, 8]},
						{"origin": [-4.5, -1, -4.5], "size": [9, 5, 8], "inflate": 0.1, "uv": [0, 14]},
						{"origin": [-4.5, -1, -4.5], "size": [9, 6, 8], "inflate": 0.05, "uv": [0, 0]},
						{"origin": [-3.5, 4, -4.5], "size": [7, 2, 1], "uv": [34, 13]}
					],
					"locators": {
						"lead": [0, 6, 0]
					}
				},
				{
					"name": "left_leg",
					"parent": "body",
					"pivot": [1, 2, 0],
					"cubes": [
						{"origin": [0.5, -1, -1], "size": [1, 3, 2], "uv": [0, 37]}
					]
				},
				{
					"name": "right_leg",
					"parent": "body",
					"pivot": [-1, 2, 0],
					"cubes": [
						{"origin": [-1.5, -1, -1], "size": [1, 3, 2], "uv": [0, 37]}
					]
				},
				{
					"name": "right_arm",
					"parent": "body",
					"pivot": [-2.75, 5.5, 0],
					"mirror": true,
					"cubes": [
						{"origin": [-3.5, 1, -1], "size": [1, 5, 2], "uv": [34, 19]}
					]
				},
				{
					"name": "left_arm",
					"parent": "body",
					"pivot": [2.75, 5.5, 0],
					"cubes": [
						{"origin": [2.5, 1, -1], "size": [1, 5, 2], "uv": [34, 19]}
					]
				},
				{
					"name": "left_wing",
					"parent": "body",
					"pivot": [0.5, 6, 1]
				},
				{
					"name": "right_wing",
					"parent": "body",
					"pivot": [-0.5, 6, 1]
				},
				{
					"name": "rightItem",
					"parent": "body",
					"pivot": [0, 5, -4],
					"rotation": [-80, 0, 0]
				}
			]
		}
	]
}