{"format_version":"1.12.0","minecraft:geometry":[{"description":{"identifier":"geometry.fox_more_allays","texture_width":32,"texture_height":32,"visible_bounds_width":3,"visible_bounds_height":2.5,"visible_bounds_offset":[0,0.75,0]},"bones":[{"name":"root","pivot":[0,0,0]},{"name":"head","parent":"root","pivot":[0,4,0]},{"name":"look_at","parent":"head","pivot":[0,4,0.75],"cubes":[{"origin":[-2.5,4.01,-2.5],"size":[5,5,5],"uv":[0,0]},{"origin":[-1.5,4.01,-4.5],"size":[3,2,2],"uv":[15,0]},{"origin":[0.5,9.01,0.5],"size":[2,2,1],"uv":[24,6]},{"origin":[-2.5,9.01,0.5],"size":[2,2,1],"uv":[24,3]}]},{"name":"body","parent":"root","pivot":[0,4,0],"cubes":[{"origin":[-1.5,0,-1],"size":[3,4,2],"uv":[14,19]},{"origin":[-1,0,1],"size":[2,2,4],"uv":[16,6]},{"origin":[-1.5,-1,-1],"size":[3,5,2],"inflate":-0.2,"uv":[16,12]}],"locators":{"lead":[0,5,0]}},{"name":"rightItem","parent":"body","pivot":[0,-1,-2],"rotation":[-80,0,0]},{"name":"right_arm","parent":"body","pivot":[-1.75,3.5,0],"cubes":[{"origin":[-2.5,0,-1],"size":[1,4,2],"uv":[6,20]}]},{"name":"left_arm","parent":"body","pivot":[1.75,3.5,0],"cubes":[{"origin":[1.5,0,-1],"size":[1,4,2],"uv":[0,20]}]},{"name":"left_wing","parent":"body","pivot":[1.4,3,1],"cubes":[{"origin":[1.4,-2,1],"size":[0,5,8],"uv":[0,7]}]},{"name":"right_wing","parent":"body","pivot":[-1.4,3,1],"cubes":[{"origin":[-1.4,-2,1],"size":[0,5,8],"uv":[0,2]}]}]}]}