{"format_version":"1.12.0","minecraft:geometry":[{"description":{"identifier":"geometry.frog_more_allays","texture_width":32,"texture_height":32,"visible_bounds_width":3,"visible_bounds_height":2.5,"visible_bounds_offset":[0,0.75,0]},"bones":[{"name":"root","pivot":[0,0,0]},{"name":"head","parent":"root","pivot":[0,4,0]},{"name":"look_at","parent":"head","pivot":[0,4,0.75],"cubes":[{"origin":[-3.5,4.01,-2.5],"size":[7,5,4],"uv":[0,0]},{"origin":[-3.5,9.01,-1.5],"size":[3,2,3],"uv":[0,19]},{"origin":[0.5,9.01,-1.5],"size":[3,2,3],"uv":[13,18]}]},{"name":"body","parent":"root","pivot":[0,4,0],"cubes":[{"origin":[-1.5,0,-1],"size":[3,4,2],"uv":[22,0]},{"origin":[-1.5,-3,-1],"size":[3,7,2],"inflate":-0.2,"uv":[16,9]}],"locators":{"lead":[0,5,0]}},{"name":"rightItem","parent":"body","pivot":[0,-1,-2],"rotation":[-80,0,0]},{"name":"right_arm","parent":"body","pivot":[-1.75,3.5,0],"cubes":[{"origin":[-3.5,0,-1],"size":[2,4,2],"uv":[18,23]},{"origin":[-5.5,0,-3],"size":[4,0,2],"uv":[20,18]},{"origin":[-5.5,0,-1],"size":[2,0,2],"uv":[16,2]}]},{"name":"left_arm","parent":"body","pivot":[1.75,3.5,0],"cubes":[{"origin":[1.5,0,-1],"size":[2,4,2],"uv":[10,23]},{"origin":[1.5,0,-3],"size":[4,0,2],"uv":[20,6]},{"origin":[3.5,0,-1],"size":[2,0,2],"uv":[16,0]}]},{"name":"left_wing","parent":"body","pivot":[0.5,3,1],"cubes":[{"origin":[0.5,-2,1],"size":[0,5,8],"uv":[0,6]}]},{"name":"right_wing","parent":"body","pivot":[-0.5,3,1],"cubes":[{"origin":[-0.5,-2,1],"size":[0,5,8],"uv":[0,1]}]}]}]}