{
	"format_version": "1.21.0",
	"minecraft:geometry": [
		{
			"description": {
				"identifier": "geometry.furnace",
				"texture_width": 32,
				"texture_height": 32,
				"visible_bounds_width": 3,
				"visible_bounds_height": 2.1,
				"visible_bounds_offset": [0, 0.95, 0]
			},
			"bones": [
				{
					"name": "root",
					"pivot": [0, 1, 0]
				},
				{
					"name": "head",
					"parent": "root",
					"pivot": [0, 3.4, 3.5]
				},
				{
					"name": "look_at",
					"parent": "head",
					"pivot": [0, 3.4, 3.95],
					"cubes": [
						{
							"origin": [-0.25, 3.9, 1.7],
							"size": [0.5, 1, 0.5],
							"pivot": [0, 3.9, 1.45],
							"rotation": [40, 0, 0],
							"uv": {
								"north": {"uv": [10, 18], "uv_size": [0.5, 1]},
								"east": {"uv": [11, 18], "uv_size": [0.5, 1]},
								"south": {"uv": [7, 22], "uv_size": [0.5, 1]},
								"west": {"uv": [22, 7], "uv_size": [0.5, 1]},
								"up": {"uv": [8, 22], "uv_size": [0.5, 0.5]},
								"down": {"uv": [9, 22.5], "uv_size": [0.5, -0.5]}
							}
						},
						{"origin": [-1.9, 5.9, 2.35], "size": [2, 2, 1], "pivot": [-0.9, 6.9, 3.35], "rotation": [0, 0, -45], "uv": [14, 19]},
						{"origin": [-0.1, 5.9, 2.35], "size": [2, 2, 1], "pivot": [0.9, 6.9, 3.35], "rotation": [0, 0, -45], "uv": [8, 19]},
						{"origin": [-2, 3.41, 1.6], "size": [4, 4, 4], "uv": [0, 0]},
						{"origin": [1.3, 3.5, 2.35], "size": [1, 1, 1], "uv": [11, 22]},
						{"origin": [-2.3, 3.5, 2.35], "size": [1, 1, 1], "uv": [11, 22]}
					]
				},
				{
					"name": "qwills",
					"parent": "look_at",
					"pivot": [0, 5.3, 3.7],
					"cubes": [
						{"origin": [-1.75, 5.9, 4.6], "size": [3.5, 2, 3.5], "pivot": [0, 5.9, 5.35], "rotation": [20, 0, 0], "uv": [12, 14]}
					]
				},
				{
					"name": "qwills2",
					"parent": "qwills",
					"pivot": [0, 5.2, 3.65],
					"cubes": [
						{"origin": [-2.35, 3.7, 4.35], "size": [2, 3, 4], "pivot": [-1.35, 3.7, 5.35], "rotation": [0, -17.5, 0], "uv": [0, 8]},
						{"origin": [0.35, 3.7, 4.35], "size": [2, 3, 4], "pivot": [1.35, 3.7, 5.35], "rotation": [0, 17.5, 0], "uv": [0, 8]}
					]
				},
				{
					"name": "body",
					"parent": "root",
					"pivot": [0, 3.3, 3.6],
					"cubes": [
						{
							"origin": [-1, 2.54187, 4.88948],
							"size": [2, 2, 0],
							"pivot": [0, 1.64187, -0.31052],
							"rotation": [-20, 0, 0],
							"uv": {
								"north": {"uv": [0, 22], "uv_size": [2, 2]},
								"east": {"uv": [0, 0], "uv_size": [0, 2]},
								"south": {"uv": [2, 22], "uv_size": [2, 2]},
								"west": {"uv": [0, 0], "uv_size": [0, 2]},
								"up": {"uv": [0, 0], "uv_size": [2, 0]},
								"down": {"uv": [0, 0], "uv_size": [2, 0]}
							}
						},
						{"origin": [-1.5, 0.31342, 3.79102], "size": [3, 3, 1], "pivot": [0, 1.91342, 4.29102], "rotation": [-20, 0, 0], "uv": [4, 0]},
						{"origin": [-1, 0.81342, 4.19102], "size": [2, 2, 1], "pivot": [0, 1.91342, 4.69102], "rotation": [-20, 0, 0], "uv": [6, 0]},
						{"origin": [-1.5, 0.4, 2.1], "size": [3, 3, 2.2], "uv": [13, 9]},
						{"origin": [-1.3, -0.6, 2.3], "size": [2.6, 3, 1.7], "uv": [15, 11]},
						{
							"origin": [-1.1, 1, 2],
							"size": [2.2, 2, 0],
							"uv": {
								"north": {"uv": [22, 1.5], "uv_size": [2.5, 2.5]},
								"east": {"uv": [0, 0], "uv_size": [0, 1.5]},
								"south": {"uv": [4, 22], "uv_size": [1.5, 1.5]},
								"west": {"uv": [0, 0], "uv_size": [0, 1.5]},
								"up": {"uv": [0, 0], "uv_size": [1.5, 0]},
								"down": {"uv": [0, 0], "uv_size": [1.5, 0]}
							}
						}
					],
					"locators": {
						"lead": [0, 3.4, 3.6]
					}
				},
				{
					"name": "Shoulders",
					"parent": "body",
					"pivot": [0, -6.6, 3.2],
					"cubes": [
						{"origin": [1.5, 1.9, 2.4], "size": [1.5, 1.5, 1.5], "uv": [4, 20]},
						{
							"origin": [2.7, 2.75, 2.4],
							"size": [0.75, 1.5, 1.5],
							"pivot": [3.1, 3.45, -0.4],
							"rotation": [0, 0, 37.5],
							"uv": {
								"north": {"uv": [5, 21.5], "uv_size": [-0.5, 1]},
								"east": {"uv": [4, 21], "uv_size": [1, 1]},
								"south": {"uv": [4.5, 20], "uv_size": [-0.5, 1]},
								"west": {"uv": [4, 20.5], "uv_size": [1, 1]},
								"up": {"uv": [4, 22.5], "uv_size": [0.5, 1]},
								"down": {"uv": [4.5, 23.5], "uv_size": [0.5, -1]}
							}
						},
						{
							"origin": [-3.4, 2.75, 2.5],
							"size": [0.75, 1.5, 1.5],
							"pivot": [-3, 3.45, -0.3],
							"rotation": [0, 0, -37.5],
							"uv": {
								"north": {"uv": [5, 21.5], "uv_size": [-0.5, 1]},
								"east": {"uv": [4, 21], "uv_size": [1, 1]},
								"south": {"uv": [4.5, 20], "uv_size": [-0.5, 1]},
								"west": {"uv": [4, 20.5], "uv_size": [1, 1]},
								"up": {"uv": [4, 22.5], "uv_size": [0.5, 1]},
								"down": {"uv": [4.5, 23.5], "uv_size": [0.5, -1]}
							}
						},
						{"origin": [-3, 1.9, 2.5], "size": [1.5, 1.5, 1.5], "uv": [20, 19]}
					]
				},
				{
					"name": "Legs",
					"parent": "body",
					"pivot": [0, -2.2, 2.7]
				},
				{
					"name": "right",
					"parent": "Legs",
					"pivot": [-0.8, -0.6, 3.35],
					"rotation": [-55, 0, 0],
					"cubes": [
						{
							"origin": [-1.25, -2.8, 2.75],
							"size": [1, 2.5, 1],
							"uv": {
								"north": {"uv": [22, 6.5], "uv_size": [1, -2.5]},
								"east": {"uv": [22, 4], "uv_size": [1, 2.5], "uv_rotation": 180},
								"south": {"uv": [22, 6.5], "uv_size": [1, -2.5]},
								"west": {"uv": [22, 6.5], "uv_size": [1, -2.5]},
								"up": {"uv": [11, 22], "uv_size": [0.5, 0.5]},
								"down": {"uv": [11, 22.5], "uv_size": [0.5, -0.5]}
							}
						},
						{
							"origin": [-1.25, -3.38105, 2.73793],
							"size": [1, 0.6, 0.6],
							"uv": {
								"north": {"uv": [22, 4.5], "uv_size": [1, -0.5]},
								"east": {"uv": [22, 4], "uv_size": [0.6, 0.5], "uv_rotation": 180},
								"south": {"uv": [22, 4.5], "uv_size": [1, -0.5]},
								"west": {"uv": [22, 4.5], "uv_size": [0.6, -0.5]},
								"up": {"uv": [11, 22.2], "uv_size": [0.5, 0.3]},
								"down": {"uv": [11, 22.5], "uv_size": [0.5, -0.3]}
							}
						}
					]
				},
				{
					"name": "rightfoot",
					"parent": "right",
					"pivot": [-0.8, -3.1, 3.2],
					"rotation": [65, 0, 0],
					"cubes": [
						{
							"origin": [-1.25, -5.3, 2.75],
							"size": [1, 2.5, 1],
							"uv": {
								"north": {"uv": [22, 4], "uv_size": [1, 2.5]},
								"east": {"uv": [22, 4], "uv_size": [1, 2.5]},
								"south": {"uv": [22, 4], "uv_size": [1, 2.5]},
								"west": {"uv": [22, 4], "uv_size": [1, 2.5]},
								"up": {"uv": [11, 22], "uv_size": [0.5, 0.5]},
								"down": {"uv": [11, 22.5], "uv_size": [0.5, -0.5]}
							}
						},
						{"origin": [-1.55, -7.2, 0.8], "size": [1.5, 1.3, 3], "uv": [15, 1]},
						{
							"origin": [-1.05, -7, 2.95],
							"size": [0.5, 2.5, 0.5],
							"uv": {
								"north": {"uv": [22, 4], "uv_size": [0.5, 2.5]},
								"east": {"uv": [22, 4], "uv_size": [0.5, 2.5]},
								"south": {"uv": [22, 4], "uv_size": [0.5, 2.5]},
								"west": {"uv": [22, 4], "uv_size": [0.5, 2.5]},
								"up": {"uv": [10, 22], "uv_size": [0.5, 0.5]},
								"down": {"uv": [10, 22.5], "uv_size": [0.5, -0.5]}
							}
						},
						{
							"origin": [-1.95, -6.6, 2.2],
							"size": [2.35, 3.6, 2],
							"inflate": -0.4,
							"uv": {
								"north": {"uv": [1.5, 15.5], "uv_size": [2.5, 4.5]},
								"east": {"uv": [0, 15.5], "uv_size": [2, 4.5]},
								"south": {"uv": [5.5, 15.5], "uv_size": [2.5, 4.5]},
								"west": {"uv": [4, 15.5], "uv_size": [2, 4.5]},
								"up": {"uv": [8.5, 22], "uv_size": [2, 2]},
								"down": {"uv": [4, 17], "uv_size": [2, -2]}
							}
						},
						{
							"origin": [-1.15, -7.3, 3.6],
							"size": [0.8, 0.8, 0.8],
							"uv": {
								"north": {"uv": [9, 18], "uv_size": [-1, 1]},
								"east": {"uv": [8, 18], "uv_size": [1, 1]},
								"south": {"uv": [9, 18], "uv_size": [-1, 1]},
								"west": {"uv": [9, 18], "uv_size": [-1, 1]},
								"up": {"uv": [8, 19], "uv_size": [1, -1]},
								"down": {"uv": [8, 19], "uv_size": [1, -1]}
							}
						},
						{"origin": [-1.55, -7.2, 3.1], "size": [1.5, 1, 1], "uv": [0, 20]}
					]
				},
				{
					"name": "left",
					"parent": "Legs",
					"pivot": [0.7, -0.7, 3.25],
					"rotation": [10, 0, 0],
					"cubes": [
						{
							"origin": [0.25, -2.8, 2.75],
							"size": [1, 2.5, 1],
							"uv": {
								"north": {"uv": [22, 6.5], "uv_size": [1, -2.5]},
								"east": {"uv": [22, 4], "uv_size": [1, 2.5], "uv_rotation": 180},
								"south": {"uv": [22, 6.5], "uv_size": [1, -2.5]},
								"west": {"uv": [22, 6.5], "uv_size": [1, -2.5]},
								"up": {"uv": [11, 22], "uv_size": [0.5, 0.5]},
								"down": {"uv": [11, 22.5], "uv_size": [0.5, -0.5]}
							}
						},
						{
							"origin": [0.25, -3.37471, 2.78937],
							"size": [1, 0.7, 1],
							"pivot": [2, -2.83632, 3.08461],
							"rotation": [20, 0, 0],
							"uv": {
								"north": {"uv": [22, 4.5], "uv_size": [1, -0.14]},
								"east": {"uv": [22, 4.36], "uv_size": [1, 0.14], "uv_rotation": 180},
								"south": {"uv": [22, 4.5], "uv_size": [1, -0.14]},
								"west": {"uv": [22, 4.5], "uv_size": [1, -0.14]},
								"up": {"uv": [11, 22], "uv_size": [0.5, 0.5]},
								"down": {"uv": [11, 22.5], "uv_size": [0.5, -0.5]}
							}
						}
					]
				},
				{
					"name": "leftfoot",
					"parent": "left",
					"pivot": [0.7, -3.1, 3.2],
					"rotation": [35, 0, 0],
					"cubes": [
						{
							"origin": [0.25, -5.66972, 2.82261],
							"size": [1, 2.5, 1],
							"uv": {
								"north": {"uv": [22, 4], "uv_size": [1, 2.5]},
								"east": {"uv": [22, 4], "uv_size": [1, 2.5]},
								"south": {"uv": [22, 4], "uv_size": [1, 2.5]},
								"west": {"uv": [22, 4], "uv_size": [1, 2.5]},
								"up": {"uv": [11, 22], "uv_size": [0.5, 0.5]},
								"down": {"uv": [11, 22.5], "uv_size": [0.5, -0.5]}
							}
						},
						{"origin": [-0.05, -7.56972, 0.87261], "size": [1.5, 1.3, 3], "uv": [15, 1]},
						{
							"origin": [0.45, -7.36972, 3.02261],
							"size": [0.5, 2.5, 0.5],
							"uv": {
								"north": {"uv": [22, 4], "uv_size": [0.5, 2.5]},
								"east": {"uv": [22, 4], "uv_size": [0.5, 2.5]},
								"south": {"uv": [22, 4], "uv_size": [0.5, 2.5]},
								"west": {"uv": [22, 4], "uv_size": [0.5, 2.5]},
								"up": {"uv": [10, 22], "uv_size": [0.5, 0.5]},
								"down": {"uv": [10, 22.5], "uv_size": [0.5, -0.5]}
							}
						},
						{
							"origin": [-0.45, -6.96972, 2.27261],
							"size": [2.35, 3.6, 2],
							"inflate": -0.4,
							"uv": {
								"north": {"uv": [1.5, 15.5], "uv_size": [2.5, 4.5]},
								"east": {"uv": [0, 15.5], "uv_size": [2, 4.5]},
								"south": {"uv": [5.5, 15.5], "uv_size": [2.5, 4.5]},
								"west": {"uv": [4, 15.5], "uv_size": [2, 4.5]},
								"up": {"uv": [8.5, 22], "uv_size": [2, 2]},
								"down": {"uv": [4, 17], "uv_size": [2, -2]}
							}
						},
						{"origin": [-0.05, -7.56972, 3.17261], "size": [1.5, 1, 1], "uv": [0, 20]},
						{
							"origin": [0.35, -7.66972, 3.67261],
							"size": [0.8, 0.8, 0.8],
							"uv": {
								"north": {"uv": [9, 18], "uv_size": [-1, 1]},
								"east": {"uv": [8, 18], "uv_size": [1, 1]},
								"south": {"uv": [9, 18], "uv_size": [-1, 1]},
								"west": {"uv": [9, 18], "uv_size": [-1, 1]},
								"up": {"uv": [8, 19], "uv_size": [1, -1]},
								"down": {"uv": [8, 19], "uv_size": [1, -1]}
							}
						}
					]
				},
				{
					"name": "rightItem",
					"parent": "body",
					"pivot": [0, 0, -2],
					"rotation": [-80, 0, 0]
				},
				{
					"name": "right_arm",
					"parent": "body",
					"pivot": [-1.95, 2.5, 2.9],
					"rotation": [0, -22.5, 17.5],
					"cubes": [
						{
							"origin": [-2.8, 0.2, 2.7],
							"size": [1, 2.5, 1],
							"uv": {
								"north": {"uv": [22, 4], "uv_size": [1, 2.5]},
								"east": {"uv": [22, 4], "uv_size": [1, 2.5]},
								"south": {"uv": [23, 4], "uv_size": [-1, 2.5]},
								"west": {"uv": [22, 4], "uv_size": [1, 2.5]},
								"up": {"uv": [13, 22], "uv_size": [0.5, 0.5]},
								"down": {"uv": [13, 22.5], "uv_size": [0.5, -0.5]}
							}
						}
					]
				},
				{
					"name": "bone4",
					"parent": "right_arm",
					"pivot": [-2.1, 0.2, 3.05],
					"rotation": [-90, -47.5, 90],
					"cubes": [
						{
							"origin": [-2.62077, -1.86087, 2.75],
							"size": [1, 2.5, 1],
							"uv": {
								"north": {"uv": [22, 4], "uv_size": [1, 2.5]},
								"east": {"uv": [22, 4], "uv_size": [1, 2.5]},
								"south": {"uv": [23, 4], "uv_size": [-1, 2.5]},
								"west": {"uv": [22, 4], "uv_size": [1, 2.5]},
								"up": {"uv": [13, 22], "uv_size": [0.5, 0.5]},
								"down": {"uv": [13, 22.5], "uv_size": [0.5, -0.5]}
							}
						},
						{
							"origin": [-3.07077, -2.16087, 2.65],
							"size": [1.85, 4.25, 1.25],
							"uv": {
								"north": {"uv": [18.5, 23], "uv_size": [2, 6.5]},
								"east": {"uv": [18.5, 23], "uv_size": [1.5, 6.5]},
								"south": {"uv": [15, 22], "uv_size": [3.5, 6.5]},
								"west": {"uv": [18.5, 23], "uv_size": [1.5, 6.5]},
								"up": {"uv": [18.5, 22], "uv_size": [1, 1]},
								"down": {"uv": [17, 27], "uv_size": [1, -1]}
							}
						},
						{"origin": [-3.12077, -3.81087, 2.3], "size": [2, 2, 1.5], "pivot": [-2.12077, -3.81087, 3.3], "rotation": [0, 180, 0], "uv": [16, 5]}
					]
				},
				{
					"name": "left_wing",
					"parent": "body",
					"pivot": [0.5, 4, 1],
					"cubes": [
						{"origin": [0.5, -1, 1], "size": [0, 5, 8], "uv": [16, 15]}
					]
				},
				{
					"name": "right_wing",
					"parent": "body",
					"pivot": [-0.5, 4, 1],
					"cubes": [
						{"origin": [-0.5, -1, 1], "size": [0, 5, 8], "uv": [16, 15]}
					]
				},
				{
					"name": "left_arm",
					"parent": "body",
					"pivot": [1.95, 2.5, 2.9],
					"rotation": [0, 20, -17.2],
					"cubes": [
						{
							"origin": [1.8, 0.2, 2.7],
							"size": [1, 2.5, 1],
							"uv": {
								"north": {"uv": [23, 4], "uv_size": [-1, 2.5]},
								"east": {"uv": [23, 4], "uv_size": [-1, 2.5]},
								"south": {"uv": [22, 4], "uv_size": [1, 2.5]},
								"west": {"uv": [23, 4], "uv_size": [-1, 2.5]},
								"up": {"uv": [13.5, 22], "uv_size": [-0.5, 0.5]},
								"down": {"uv": [13.5, 22.5], "uv_size": [-0.5, -0.5]}
							}
						}
					]
				},
				{
					"name": "bone2",
					"parent": "left_arm",
					"pivot": [2.1, 0.2, 3.05],
					"rotation": [-90, 47.5, -90],
					"cubes": [
						{
							"origin": [1.22077, -2.16087, 2.65],
							"size": [1.85, 4.25, 1.25],
							"uv": {
								"north": {"uv": [20.5, 23], "uv_size": [-2, 6.5]},
								"east": {"uv": [20, 23], "uv_size": [-1.5, 6.5]},
								"south": {"uv": [18.5, 22], "uv_size": [-3.5, 6.5]},
								"west": {"uv": [20, 23], "uv_size": [-1.5, 6.5]},
								"up": {"uv": [19.5, 22], "uv_size": [-1, 1]},
								"down": {"uv": [18, 27], "uv_size": [-1, -1]}
							}
						},
						{
							"origin": [1.62077, -1.86087, 2.75],
							"size": [1, 2.5, 1],
							"uv": {
								"north": {"uv": [23, 4], "uv_size": [-1, 2.5]},
								"east": {"uv": [23, 4], "uv_size": [-1, 2.5]},
								"south": {"uv": [22, 4], "uv_size": [1, 2.5]},
								"west": {"uv": [23, 4], "uv_size": [-1, 2.5]},
								"up": {"uv": [13.5, 22], "uv_size": [-0.5, 0.5]},
								"down": {"uv": [13.5, 22.5], "uv_size": [-0.5, -0.5]}
							}
						},
						{"origin": [1.12077, -3.81087, 2.3], "size": [2, 2, 1.5], "pivot": [2.12077, -3.81087, 3.3], "rotation": [0, -180, 0], "uv": [16, 5], "mirror": true}
					]
				}
			]
		}
	]
}
