{
	"format_version": "1.12.0",
	"minecraft:geometry": [
		{
			"description": {
				"identifier": "geometry.babyghast",
				"texture_width": 32,
				"texture_height": 32,
				"visible_bounds_width": 2,
				"visible_bounds_height": 2.1,
				"visible_bounds_offset": [0, 0.95, 0]
			},
			"bones": [
				{
					"name": "root",
					"pivot": [0, 1, 0]
				},
				{
					"name": "head",
					"parent": "root",
					"pivot": [0, 5, 0]
				},
				{
					"name": "look_at",
					"parent": "head",
					"pivot": [0, 5, 0.75],
					"cubes": [
						{"origin": [-4, 3, -2.5], "size": [8, 8, 8], "uv": [0, 0]}
					]
				},
				{
					"name": "body",
					"parent": "root",
					"pivot": [0, 5, 0],
					"cubes": [
						{"origin": [2, 0, -1], "size": [1, 3, 1], "uv": [2, 1]},
						{"origin": [2, -1, 1], "size": [1, 4, 1], "uv": [2, 1]},
						{"origin": [-3, 0, -1], "size": [1, 3, 1], "uv": [2, 1]},
						{"origin": [-3, -1, 3], "size": [1, 4, 1], "uv": [2, 1]},
						{"origin": [2, 0, 3], "size": [1, 3, 1], "uv": [2, 1]},
						{"origin": [-0.5, -1, -2], "size": [1, 4, 1], "uv": [2, 1]},
						{"origin": [-0.5, -1, 4], "size": [1, 4, 1], "uv": [2, 1]},
						{"origin": [-0.5, 0, 1], "size": [1, 3, 1], "uv": [2, 1]},
						{"origin": [-3, 0, 1], "size": [1, 3, 1], "uv": [2, 1]}
					],
					"locators": {
						"lead": [0, 6, 0]
					}
				},
				{
					"name": "rightItem",
					"parent": "body",
					"pivot": [0, 2, -3],
					"rotation": [-80, 0, 0]
				},
				{
					"name": "right_arm",
					"parent": "body",
					"pivot": [-1.75, 4.5, 0]
				},
				{
					"name": "left_arm",
					"parent": "body",
					"pivot": [1.75, 4.5, 0]
				}
			]
		}
	]
}
