{
	"format_version": "1.12.0",
	"minecraft:geometry": [
		{
			"description": {
				"identifier": "geometry.glow_pikmin",
				"texture_width": 32,
				"texture_height": 32,
				"visible_bounds_width": 3,
				"visible_bounds_height": 2.1,
				"visible_bounds_offset": [0, 0.95, 0]
			},
			"bones": [
				{
					"name": "root",
					"pivot": [0, 1, 0]
				},
				{
					"name": "head",
					"parent": "root",
					"pivot": [0, 5, 0],
					"cubes": [
						{"origin": [-2, 18.099, 11], "size": [1.4, 0, 1.9], "pivot": [0.3, 15.6, 12.7], "rotation": [58.94774, -6.75038, -43.24507], "uv": [29, 0]},
						{"origin": [-2, 9, -2], "size": [4, 1.4, 4], "uv": [16, 17]}
					]
				},
				{
					"name": "look_at",
					"parent": "head",
					"pivot": [0, 5, 0.75],
					"cubes": [
						{"origin": [-2.5, 5.01, -2.5], "size": [5, 5, 5], "uv": [12, 22]},
						{"origin": [-1.95, 6.4, -2.8], "size": [1.75, 1.75, 0.5], "uv": [11, 6]},
						{"origin": [-1.6, 6.8, -2.9], "size": [1, 1, 0.3], "uv": [9, 8]},
						{"origin": [0.6, 6.7, -2.7], "size": [1.1, 1.1, 0.3], "uv": [11, 6]}
					]
				},
				{
					"name": "bone",
					"parent": "look_at",
					"pivot": [0, 0, 0],
					"cubes": [
						{"origin": [-1.7, 13.599, 9.9], "size": [1, 0, 1.7], "pivot": [0.2, 11.1, 11.6], "rotation": [79.0848, 21.5894, 142.4577], "uv": [29, 0]},
						{"origin": [-0.7, 11.4, -0.7], "size": [1.4, 3.5, 1.4], "pivot": [0, 11.4, 0], "rotation": [-36.5, 0, 0], "uv": [0, 20]},
						{"origin": [-1.1, 15.599, 11.5], "size": [1, 0, 1.7], "pivot": [-3.6, 13.1, 13.2], "rotation": [52.21858, -4.41632, -47.28882], "uv": [29, 0]},
						{"origin": [-4.9, 15.799, 10.7], "size": [1, 0, 1.7], "pivot": [-3, 13.3, 12.4], "rotation": [82.35585, -6.03587, -142.11622], "uv": [29, 0]},
						{"origin": [2.4, 19.799, 12], "size": [1, 0, 1.7], "pivot": [-0.1, 17.3, 13.7], "rotation": [50, 10.762, 48.1442], "uv": [29, 0]},
						{"origin": [-2.9, 14.399, 9.6], "size": [1.4, 0, 1.9], "pivot": [-0.6, 11.9, 11.3], "rotation": [89.0848, 21.58942, 142.45772], "uv": [29, 0]},
						{"origin": [-1.2, 15.599, 10.1], "size": [1.4, 0, 1.9], "pivot": [1.1, 13.1, 11.8], "rotation": [92.28052, 6.121, 50.02557], "uv": [29, 0]},
						{"origin": [0, 15.999, 10.4], "size": [1.4, 0, 1.9], "pivot": [2.3, 13.5, 12.1], "rotation": [68.00409, 10.76198, 48.14418], "uv": [29, 0]},
						{"origin": [-0.5, 18.899, 11.9], "size": [1, 0, 1.7], "pivot": [1.4, 16.4, 13.6], "rotation": [50, 0, 0], "uv": [29, 0]},
						{"origin": [-0.7, 17.699, 10.9], "size": [1.4, 0, 1.9], "pivot": [1.4, 15.2, 12.6], "rotation": [57, 0, 0], "uv": [29, 0]},
						{"origin": [-0.6, 17.699, 10.8], "size": [1.2, 0.4, 1.1], "pivot": [1.4, 15.2, 12.5], "rotation": [72, 0, 0], "uv": [9, 10]},
						{"origin": [-0.3, 20.1, 6.4], "size": [0.6, 0.6, 2.5], "pivot": [0.4, 17.9, 8.3], "rotation": [163, 0, 0], "uv": [-1, 2]},
						{"origin": [-0.4, 15.3, 3.4], "size": [0.8, 3.5, 0.8], "pivot": [0, 15.3, 3.8], "rotation": [-85, 0, 0], "uv": [1, 1]},
						{"origin": [-0.6, 13.4, 0.8], "size": [1.2, 3.5, 1.2], "pivot": [0, 13.4, 1.4], "rotation": [-54, 0, 0], "uv": [28, 17]},
						{"origin": [-1.5, 9, -1.5], "size": [3, 1.7, 3], "uv": [8, 0]},
						{"origin": [-0.9, 9.6, -0.9], "size": [1.8, 2.7, 1.8], "pivot": [0, 9.6, 0], "rotation": [-6, 0, 0], "uv": [0, 20]}
					]
				},
				{
					"name": "body",
					"parent": "root",
					"pivot": [0, 5, 0],
					"cubes": [
						{"origin": [-1.5, 1, -1], "size": [3, 4, 2], "uv": [0, 10]},
						{"origin": [-1.5, 0, -1], "size": [3, 5, 2], "inflate": -0.2, "uv": [0, 25]},
						{"origin": [-1.2, -0.6, -0.1], "size": [2, 1, 1], "uv": [26, 9]},
						{"origin": [-1.5, -0.8, 0.3], "size": [1, 0.5, 0.7], "uv": [15, 10]}
					],
					"locators": {
						"lead": [0, 5, 0]
					}
				},
				{
					"name": "rightItem",
					"parent": "body",
					"pivot": [0, 0, -2],
					"rotation": [-80, 0, 0]
				},
				{
					"name": "right_arm",
					"parent": "body",
					"pivot": [-1.75, 4.5, 0],
					"cubes": [
						{"origin": [-2.4, 1.8, -0.5], "size": [0.9, 3.2, 1], "uv": [25, 1]}
					]
				},
				{
					"name": "left_arm",
					"parent": "body",
					"pivot": [1.75, 4.5, 0],
					"cubes": [
						{"origin": [1.5, 1.8, -0.5], "size": [0.9, 3.2, 1], "uv": [25, 1]}
					]
				}
			]
		}
	]
}