{
	"format_version": "1.12.0",
	"minecraft:geometry": [
		{
			"description": {
				"identifier": "geometry.gsquid",
				"texture_width": 32,
				"texture_height": 32,
				"visible_bounds_width": 2,
				"visible_bounds_height": 2.1,
				"visible_bounds_offset": [0, 0.95, 0]
			},
			"bones": [
				{
					"name": "root",
					"pivot": [0, 1, 0]
				},
				{
					"name": "head",
					"parent": "root",
					"pivot": [0, 5, 0]
				},
				{
					"name": "look_at",
					"parent": "head",
					"pivot": [0, 5, 0.75]
				},
				{
					"name": "body",
					"parent": "root",
					"pivot": [0, 5, 0],
					"cubes": [
						{"origin": [-2, 5, -2], "size": [4, 6, 4], "uv": [6, 10]}
					],
					"locators": {
						"lead": [0, 6, 0]
					}
				},
				{
					"name": "rightItem",
					"parent": "body",
					"pivot": [0, 5, -2],
					"rotation": [-80, 0, 0]
				},
				{
					"name": "right_arm",
					"parent": "body",
					"pivot": [-1.75, 4.5, 0],
					"cubes": [
						{"origin": [-2, -1, -0.5], "size": [1, 6, 1], "uv": [22, 13]},
						{"origin": [-2, -1, 1], "size": [1, 6, 1], "uv": [22, 13]},
						{"origin": [-2, -1, -2], "size": [1, 6, 1], "uv": [22, 13]}
					]
				},
				{
					"name": "left_arm",
					"parent": "body",
					"pivot": [1.75, 4.5, 0],
					"cubes": [
						{"origin": [1, -1, -0.5], "size": [1, 6, 1], "uv": [22, 13]},
						{"origin": [1, -1, 1], "size": [1, 6, 1], "uv": [22, 13]},
						{"origin": [1, -1, -2], "size": [1, 6, 1], "uv": [22, 13]}
					]
				},
				{
					"name": "left_wing",
					"parent": "body",
					"pivot": [0.5, 4, 1]
				},
				{
					"name": "right_wing",
					"parent": "body",
					"pivot": [-0.5, 4, 1]
				}
			]
		}
	]
}
