{
	"format_version": "1.12.0",
	"minecraft:geometry": [
		{
			"description": {
				"identifier": "geometry.jfish",
				"texture_width": 32,
				"texture_height": 32,
				"visible_bounds_width": 2,
				"visible_bounds_height": 2.1,
				"visible_bounds_offset": [0, 0.95, 0]
			},
			"bones": [
				{
					"name": "root",
					"pivot": [0, 1, 0]
				},
				{
					"name": "head",
					"parent": "root",
					"pivot": [0, 5, 0]
				},
				{
					"name": "look_at",
					"parent": "head",
					"pivot": [0, 5, 0.75]
				},
				{
					"name": "body",
					"parent": "root",
					"pivot": [0, 5, 0],
					"cubes": [
						{"origin": [-1.5, 10, -1.5], "size": [3, 1, 3], "uv": [0, 0]},
						{"origin": [1.5, 9, -1.5], "size": [1, 1, 3], "uv": [0, 8]},
						{"origin": [1.5, 8, -1.5], "size": [1, 1, 3], "uv": [0, 8]},
						{"origin": [-1.5, 9, -2.5], "size": [3, 1, 1], "uv": [0, 6]},
						{"origin": [-2.5, 8, -2.5], "size": [5, 1, 1], "uv": [0, 4]},
						{"origin": [-1.5, 9, 1.5], "size": [3, 1, 1], "uv": [0, 6]},
						{"origin": [-2.5, 8, 1.5], "size": [5, 1, 1], "uv": [0, 4]},
						{"origin": [-2.5, 8, -1.5], "size": [1, 1, 3], "uv": [0, 8], "mirror": true},
						{"origin": [-2.5, 9, -1.5], "size": [1, 1, 3], "uv": [0, 8], "mirror": true}
					],
					"locators": {
						"lead": [0, 6, 0]
					}
				},
				{
					"name": "rightItem",
					"parent": "body",
					"pivot": [0, 5, -2],
					"rotation": [-80, 0, 0]
				},
				{
					"name": "right_arm",
					"parent": "body",
					"pivot": [-1.54929, 8.03571, -0.06714],
					"rotation": [0, 0, -10],
					"cubes": [
						{
							"origin": [-0.75, 1, 1.875],
							"size": [0.33, 7, 0.33],
							"uv": {
								"north": {"uv": [15, 23], "uv_size": [-1, 6]},
								"east": {"uv": [16, 23], "uv_size": [-1, 6]},
								"south": {"uv": [17, 23], "uv_size": [-1, 6]},
								"west": {"uv": [13, 23], "uv_size": [1, 6]},
								"up": {"uv": [14, 23], "uv_size": [1, -1]},
								"down": {"uv": [15, 22], "uv_size": [1, 1]}
							}
						},
						{
							"origin": [-2.25, 1, -1.125],
							"size": [0.33, 7, 0.33],
							"uv": {
								"north": {"uv": [15, 23], "uv_size": [-1, 6]},
								"east": {"uv": [16, 23], "uv_size": [-1, 6]},
								"south": {"uv": [17, 23], "uv_size": [-1, 6]},
								"west": {"uv": [13, 23], "uv_size": [1, 6]},
								"up": {"uv": [14, 23], "uv_size": [1, -1]},
								"down": {"uv": [15, 22], "uv_size": [1, 1]}
							}
						},
						{
							"origin": [-1.75, 3, -1.875],
							"size": [0.33, 5, 0.33],
							"uv": {
								"north": {"uv": [15, 23], "uv_size": [-1, 6]},
								"east": {"uv": [16, 23], "uv_size": [-1, 6]},
								"south": {"uv": [17, 23], "uv_size": [-1, 6]},
								"west": {"uv": [13, 23], "uv_size": [1, 6]},
								"up": {"uv": [14, 23], "uv_size": [1, -1]},
								"down": {"uv": [15, 22], "uv_size": [1, 1]}
							}
						},
						{
							"origin": [-0.75, 0, -2.375],
							"size": [0.33, 8, 0.33],
							"uv": {
								"north": {"uv": [15, 23], "uv_size": [-1, 6]},
								"east": {"uv": [16, 23], "uv_size": [-1, 6]},
								"south": {"uv": [17, 23], "uv_size": [-1, 6]},
								"west": {"uv": [13, 23], "uv_size": [1, 6]},
								"up": {"uv": [14, 23], "uv_size": [1, -1]},
								"down": {"uv": [15, 22], "uv_size": [1, 1]}
							}
						},
						{
							"origin": [-2.25, 3, 0.625],
							"size": [0.33, 5, 0.33],
							"uv": {
								"north": {"uv": [15, 23], "uv_size": [-1, 6]},
								"east": {"uv": [16, 23], "uv_size": [-1, 6]},
								"south": {"uv": [17, 23], "uv_size": [-1, 6]},
								"west": {"uv": [13, 23], "uv_size": [1, 6]},
								"up": {"uv": [14, 23], "uv_size": [1, -1]},
								"down": {"uv": [15, 22], "uv_size": [1, 1]}
							}
						},
						{
							"origin": [-2.5, 1, -0.125],
							"size": [0.33, 7, 0.33],
							"uv": {
								"north": {"uv": [15, 23], "uv_size": [-1, 6]},
								"east": {"uv": [16, 23], "uv_size": [-1, 6]},
								"south": {"uv": [17, 23], "uv_size": [-1, 6]},
								"west": {"uv": [13, 23], "uv_size": [1, 6]},
								"up": {"uv": [14, 23], "uv_size": [1, -1]},
								"down": {"uv": [15, 22], "uv_size": [1, 1]}
							}
						},
						{
							"origin": [-1.75, 2, 1.375],
							"size": [0.33, 6, 0.33],
							"uv": {
								"north": {"uv": [15, 23], "uv_size": [-1, 6]},
								"east": {"uv": [16, 23], "uv_size": [-1, 6]},
								"south": {"uv": [17, 23], "uv_size": [-1, 6]},
								"west": {"uv": [13, 23], "uv_size": [1, 6]},
								"up": {"uv": [14, 23], "uv_size": [1, -1]},
								"down": {"uv": [15, 22], "uv_size": [1, 1]}
							}
						}
					]
				},
				{
					"name": "left_arm",
					"parent": "body",
					"pivot": [1.75, 8, 0],
					"rotation": [0, 0, 10],
					"cubes": [
						{
							"origin": [0.42, 3, -2.375],
							"size": [0.33, 5, 0.33],
							"uv": {
								"north": {"uv": [14, 23], "uv_size": [1, 6]},
								"east": {"uv": [14, 23], "uv_size": [-1, 6]},
								"south": {"uv": [16, 23], "uv_size": [1, 6]},
								"west": {"uv": [15, 23], "uv_size": [1, 6]},
								"up": {"uv": [15, 23], "uv_size": [-1, -1]},
								"down": {"uv": [16, 22], "uv_size": [-1, 1]}
							}
						},
						{
							"origin": [2.17, 1, -0.125],
							"size": [0.33, 7, 0.33],
							"uv": {
								"north": {"uv": [14, 23], "uv_size": [1, 6]},
								"east": {"uv": [14, 23], "uv_size": [-1, 6]},
								"south": {"uv": [16, 23], "uv_size": [1, 6]},
								"west": {"uv": [15, 23], "uv_size": [1, 6]},
								"up": {"uv": [15, 23], "uv_size": [-1, -1]},
								"down": {"uv": [16, 22], "uv_size": [-1, 1]}
							}
						},
						{
							"origin": [1.92, 3, 0.625],
							"size": [0.33, 5, 0.33],
							"uv": {
								"north": {"uv": [14, 23], "uv_size": [1, 6]},
								"east": {"uv": [14, 23], "uv_size": [-1, 6]},
								"south": {"uv": [16, 23], "uv_size": [1, 6]},
								"west": {"uv": [15, 23], "uv_size": [1, 6]},
								"up": {"uv": [15, 23], "uv_size": [-1, -1]},
								"down": {"uv": [16, 22], "uv_size": [-1, 1]}
							}
						},
						{
							"origin": [1.42, 1, 1.375],
							"size": [0.33, 7, 0.33],
							"uv": {
								"north": {"uv": [14, 23], "uv_size": [1, 6]},
								"east": {"uv": [14, 23], "uv_size": [-1, 6]},
								"south": {"uv": [16, 23], "uv_size": [1, 6]},
								"west": {"uv": [15, 23], "uv_size": [1, 6]},
								"up": {"uv": [15, 23], "uv_size": [-1, -1]},
								"down": {"uv": [16, 22], "uv_size": [-1, 1]}
							}
						},
						{
							"origin": [0.42, 3, 1.875],
							"size": [0.33, 5, 0.33],
							"uv": {
								"north": {"uv": [14, 23], "uv_size": [1, 6]},
								"east": {"uv": [14, 23], "uv_size": [-1, 6]},
								"south": {"uv": [16, 23], "uv_size": [1, 6]},
								"west": {"uv": [15, 23], "uv_size": [1, 6]},
								"up": {"uv": [15, 23], "uv_size": [-1, -1]},
								"down": {"uv": [16, 22], "uv_size": [-1, 1]}
							}
						},
						{
							"origin": [1.92, 2, -1.125],
							"size": [0.33, 6, 0.33],
							"uv": {
								"north": {"uv": [14, 23], "uv_size": [1, 6]},
								"east": {"uv": [14, 23], "uv_size": [-1, 6]},
								"south": {"uv": [16, 23], "uv_size": [1, 6]},
								"west": {"uv": [15, 23], "uv_size": [1, 6]},
								"up": {"uv": [15, 23], "uv_size": [-1, -1]},
								"down": {"uv": [16, 22], "uv_size": [-1, 1]}
							}
						},
						{
							"origin": [1.42, 1, -1.875],
							"size": [0.33, 7, 0.33],
							"uv": {
								"north": {"uv": [14, 23], "uv_size": [1, 6]},
								"east": {"uv": [14, 23], "uv_size": [-1, 6]},
								"south": {"uv": [16, 23], "uv_size": [1, 6]},
								"west": {"uv": [15, 23], "uv_size": [1, 6]},
								"up": {"uv": [15, 23], "uv_size": [-1, -1]},
								"down": {"uv": [16, 22], "uv_size": [-1, 1]}
							}
						}
					]
				},
				{
					"name": "left_wing",
					"parent": "body",
					"pivot": [0.5, 4, 1]
				},
				{
					"name": "right_wing",
					"parent": "body",
					"pivot": [-0.5, 4, 1]
				}
			]
		}
	]
}
