{
	"format_version": "1.12.0",
	"minecraft:geometry": [
		{
			"description": {
				"identifier": "geometry.knight2",
				"texture_width": 32,
				"texture_height": 32,
				"visible_bounds_width": 2,
				"visible_bounds_height": 2.1,
				"visible_bounds_offset": [0, 0.95, 0]
			},
			"bones": [
				{
					"name": "root",
					"pivot": [0, 1, 0]
				},
				{
					"name": "head",
					"parent": "root",
					"pivot": [0, 5, -1]
				},
				{
					"name": "look_at",
					"parent": "head",
					"pivot": [0, 5, -0.25],
					"cubes": [
						{"origin": [-2.5, 5.01, -3.5], "size": [5, 5, 5], "uv": [0, 0]},
						{
							"origin": [-1, 13, -2],
							"size": [-1, 1, 1],
							"uv": {
								"north": {"uv": [3, 2], "uv_size": [1, 1]},
								"east": {"uv": [2, 2], "uv_size": [1, 1]},
								"south": {"uv": [5, 2], "uv_size": [1, 1]},
								"west": {"uv": [4, 2], "uv_size": [1, 1]},
								"up": {"uv": [5, 3], "uv_size": [-1, -1]},
								"down": {"uv": [6, 2], "uv_size": [-1, -1]}
							}
						},
						{"origin": [2, 11, -2], "size": [1, 2, 1], "uv": [2, 1]},
						{"origin": [-3, 11, -2], "size": [1, 2, 1], "uv": [2, 1]},
						{
							"origin": [2, 13, -2],
							"size": [-1, 1, 1],
							"uv": {
								"north": {"uv": [3, 2], "uv_size": [1, 1]},
								"east": {"uv": [2, 2], "uv_size": [1, 1]},
								"south": {"uv": [5, 2], "uv_size": [1, 1]},
								"west": {"uv": [4, 2], "uv_size": [1, 1]},
								"up": {"uv": [5, 3], "uv_size": [-1, -1]},
								"down": {"uv": [6, 2], "uv_size": [-1, -1]}
							}
						},
						{
							"origin": [1, 10, -2],
							"size": [1, 1, 1],
							"uv": {
								"north": {"uv": [3, 2], "uv_size": [1, 1]},
								"east": {"uv": [2, 2], "uv_size": [1, 1]},
								"south": {"uv": [5, 2], "uv_size": [1, 1]},
								"west": {"uv": [4, 2], "uv_size": [1, 1]},
								"up": {"uv": [5, 3], "uv_size": [-1, -1]},
								"down": {"uv": [6, 2], "uv_size": [-1, -1]}
							}
						},
						{
							"origin": [-2, 10, -2],
							"size": [1, 1, 1],
							"uv": {
								"north": {"uv": [3, 2], "uv_size": [1, 1]},
								"east": {"uv": [2, 2], "uv_size": [1, 1]},
								"south": {"uv": [5, 2], "uv_size": [1, 1]},
								"west": {"uv": [4, 2], "uv_size": [1, 1]},
								"up": {"uv": [5, 3], "uv_size": [-1, -1]},
								"down": {"uv": [6, 2], "uv_size": [-1, -1]}
							}
						}
					]
				},
				{
					"name": "body",
					"parent": "root",
					"pivot": [0, 5, 0],
					"cubes": [
						{"origin": [-1.5, 1, -2], "size": [3, 4, 2], "uv": [0, 10]},
						{"origin": [-1.5, 0, -2], "size": [3, 5, 2], "inflate": -0.2, "uv": [0, 16]}
					],
					"locators": {
						"lead": [0, 6, -1]
					}
				},
				{
					"name": "rightItem",
					"parent": "body",
					"pivot": [0, 0, -2],
					"rotation": [-80, 0, 0]
				},
				{
					"name": "right_arm",
					"parent": "body",
					"pivot": [-1.75, 4.5, 0]
				},
				{
					"name": "left_arm",
					"parent": "body",
					"pivot": [1.75, 4.5, 0]
				},
				{
					"name": "left_wing",
					"parent": "body",
					"pivot": [0.5, 4, 1]
				}
			]
		}
	]
}
