{
	"format_version": "1.12.0",
	"minecraft:geometry": [
		{
			"description": {
				"identifier": "geometry.metal_sonic",
				"texture_width": 32,
				"texture_height": 32,
				"visible_bounds_width": 3,
				"visible_bounds_height": 2.1,
				"visible_bounds_offset": [0, 0.95, 0]
			},
			"bones": [
				{
					"name": "root",
					"pivot": [0, 1, 0]
				},
				{
					"name": "head",
					"parent": "root",
					"pivot": [0, 3.4, 3.5]
				},
				{
					"name": "look_at",
					"parent": "head",
					"pivot": [0, 3.4, 3.95],
					"cubes": [
						{
							"origin": [-0.25, 3.9, 1.7],
							"size": [0.5, 1, 0.5],
							"pivot": [0, 3.9, 1.45],
							"rotation": [40, 0, 0],
							"uv": {
								"north": {"uv": [10, 18], "uv_size": [0.5, 1]},
								"east": {"uv": [11, 18], "uv_size": [0.5, 1]},
								"south": {"uv": [7, 22], "uv_size": [0.5, 1]},
								"west": {"uv": [22, 7], "uv_size": [0.5, 1]},
								"up": {"uv": [8, 22], "uv_size": [0.5, 0.5]},
								"down": {"uv": [9, 22.5], "uv_size": [0.5, -0.5]}
							}
						},
						{"origin": [-2.2, 6.4, 2.35], "size": [2, 2, 1], "pivot": [-1.2, 6.4, 3.35], "rotation": [0, 0, -30], "uv": [14, 19]},
						{"origin": [0.2, 6.4, 2.35], "size": [2, 2, 1], "pivot": [1.2, 6.4, 3.35], "rotation": [0, 0, 30], "uv": [8, 19]},
						{"origin": [-2, 3.41, 1.6], "size": [4, 4, 4], "uv": [0, 0]},
						{"origin": [1.3, 3.5, 2.35], "size": [1, 1, 1], "uv": [11, 22]},
						{"origin": [-2.3, 3.5, 2.35], "size": [1, 1, 1], "uv": [11, 22]}
					]
				},
				{
					"name": "qwills",
					"parent": "look_at",
					"pivot": [0, 5.3, 3.7],
					"cubes": [
						{"origin": [-1.75, 5.9, 4.6], "size": [3.5, 2, 3.5], "pivot": [0, 5.9, 5.35], "rotation": [20, 0, 0], "uv": [12, 14]}
					]
				},
				{
					"name": "qwills2",
					"parent": "qwills",
					"pivot": [0, 5.2, 3.65],
					"cubes": [
						{"origin": [-2.35, 3.7, 4.35], "size": [2, 3, 4], "pivot": [-1.35, 3.7, 5.35], "rotation": [0, -17.5, 0], "uv": [0, 8]},
						{"origin": [0.35, 3.7, 4.35], "size": [2, 3, 4], "pivot": [1.35, 3.7, 5.35], "rotation": [0, 17.5, 0], "uv": [0, 8]}
					]
				},
				{
					"name": "body",
					"parent": "root",
					"pivot": [0, 3.3, 3.6],
					"cubes": [
						{
							"origin": [-1, 0.9, 5.2],
							"size": [2, 2, 0],
							"uv": {
								"north": {"uv": [0, 22], "uv_size": [2, 2]},
								"east": {"uv": [0, 0], "uv_size": [0, 2]},
								"south": {"uv": [2, 22], "uv_size": [2, 2]},
								"west": {"uv": [0, 0], "uv_size": [0, 2]},
								"up": {"uv": [0, 0], "uv_size": [2, 0]},
								"down": {"uv": [0, 0], "uv_size": [2, 0]}
							}
						},
						{"origin": [-1.5, 2.4, 5.1], "size": [3, 1, 1], "uv": [16, 0]},
						{"origin": [-1.5, 0.4, 2.1], "size": [3, 3, 3], "uv": [12, 8]},
						{
							"origin": [-0.7, 1.2, 2],
							"size": [1.5, 1.5, 0],
							"uv": {
								"north": {"uv": [22, 2], "uv_size": [1.5, 1.5]},
								"east": {"uv": [0, 0], "uv_size": [0, 1.5]},
								"south": {"uv": [4, 22], "uv_size": [1.5, 1.5]},
								"west": {"uv": [0, 0], "uv_size": [0, 1.5]},
								"up": {"uv": [0, 0], "uv_size": [1.5, 0]},
								"down": {"uv": [0, 0], "uv_size": [1.5, 0]}
							}
						}
					],
					"locators": {
						"lead": [0, 3.4, 3.6]
					}
				},
				{
					"name": "Shoulders",
					"parent": "body",
					"pivot": [0, -6.6, 3.6],
					"cubes": [
						{"origin": [1.5, 1.9, 2.8], "size": [1.5, 1.5, 1.5], "uv": [4, 20]},
						{"origin": [-3, 1.9, 2.9], "size": [1.5, 1.5, 1.5], "uv": [20, 19]},
						{"origin": [-2.45, 2.1, 3.1], "size": [1, 1, 1], "uv": [20, 21]},
						{"origin": [1.45, 2.1, 3.1], "size": [1, 1, 1], "uv": [20, 21]}
					]
				},
				{
					"name": "Legs",
					"parent": "body",
					"pivot": [0, -1.6, 3.1]
				},
				{
					"name": "right",
					"parent": "Legs",
					"pivot": [-1, -4.6, 2.35],
					"cubes": [
						{
							"origin": [-1.25, -1.9, 3.35],
							"size": [0.5, 2.5, 0.5],
							"uv": {
								"north": {"uv": [22, 4], "uv_size": [0.5, 2.5]},
								"east": {"uv": [22, 4], "uv_size": [0.5, 2.5]},
								"south": {"uv": [22, 4], "uv_size": [0.5, 2.5]},
								"west": {"uv": [22, 4], "uv_size": [0.5, 2.5]},
								"up": {"uv": [11, 22], "uv_size": [0.5, 0.5]},
								"down": {"uv": [11, 22.5], "uv_size": [0.5, -0.5]}
							}
						}
					]
				},
				{
					"name": "bone",
					"parent": "right",
					"pivot": [-1, -2, 3.6],
					"rotation": [35, 0, 0],
					"cubes": [
						{
							"origin": [-1.25, -4.4, 3.35],
							"size": [0.5, 2.5, 0.5],
							"uv": {
								"north": {"uv": [22, 4], "uv_size": [0.5, 2.5]},
								"east": {"uv": [22, 4], "uv_size": [0.5, 2.5]},
								"south": {"uv": [22, 4], "uv_size": [0.5, 2.5]},
								"west": {"uv": [22, 4], "uv_size": [0.5, 2.5]},
								"up": {"uv": [10, 22], "uv_size": [0.5, 0.5]},
								"down": {"uv": [10, 22.5], "uv_size": [0.5, -0.5]}
							}
						},
						{"origin": [-2, -4, 2.6], "size": [2, 3, 2], "inflate": -0.4, "uv": [0, 15]}
					]
				},
				{
					"name": "rightfoot",
					"parent": "bone",
					"pivot": [-1, -4.1, 3.6],
					"rotation": [30, 0, 0],
					"cubes": [
						{"origin": [-1.75, -4.6, 1.2], "size": [1.5, 1, 2], "uv": [16, 2]},
						{
							"origin": [-1.35, -4.5, 3.2],
							"size": [0.8, 0.8, 0.8],
							"uv": {
								"north": {"uv": [8, 18], "uv_size": [1, 1]},
								"east": {"uv": [9, 18], "uv_size": [1, 1]},
								"south": {"uv": [8, 18], "uv_size": [1, 1]},
								"west": {"uv": [9, 18], "uv_size": [1, 1]},
								"up": {"uv": [8, 18], "uv_size": [1, 1]},
								"down": {"uv": [9, 19], "uv_size": [1, -1]}
							}
						},
						{"origin": [-1.75, -4.6, 4], "size": [1.5, 1, 1], "uv": [0, 20]}
					]
				},
				{
					"name": "Left",
					"parent": "Legs",
					"pivot": [1, -4.6, 2.35],
					"cubes": [
						{
							"origin": [0.75, -1.9, 3.35],
							"size": [0.5, 2.5, 0.5],
							"uv": {
								"north": {"uv": [22, 4], "uv_size": [0.5, 2.5]},
								"east": {"uv": [22, 4], "uv_size": [0.5, 2.5]},
								"south": {"uv": [22, 4], "uv_size": [0.5, 2.5]},
								"west": {"uv": [22, 4], "uv_size": [0.5, 2.5]},
								"up": {"uv": [12, 22], "uv_size": [0.5, 0.5]},
								"down": {"uv": [12, 22.5], "uv_size": [0.5, -0.5]}
							}
						}
					]
				},
				{
					"name": "bone2",
					"parent": "Left",
					"pivot": [1, -2, 3.6],
					"rotation": [30, 0, 0],
					"cubes": [
						{
							"origin": [0.75, -4.4, 3.35],
							"size": [0.5, 2.5, 0.5],
							"uv": {
								"north": {"uv": [22, 4], "uv_size": [0.5, 2.5]},
								"east": {"uv": [22, 4], "uv_size": [0.5, 2.5]},
								"south": {"uv": [22, 4], "uv_size": [0.5, 2.5]},
								"west": {"uv": [22, 4], "uv_size": [0.5, 2.5]},
								"up": {"uv": [10, 22], "uv_size": [0.5, 0.5]},
								"down": {"uv": [10, 22.5], "uv_size": [0.5, -0.5]}
							}
						},
						{"origin": [0, -4, 2.6], "size": [2, 3, 2], "inflate": -0.4, "uv": [0, 15]}
					]
				},
				{
					"name": "Leftfoot",
					"parent": "bone2",
					"pivot": [1, -4.1, 3.6],
					"rotation": [30, 0, 0],
					"cubes": [
						{"origin": [0.25, -4.6, 1.2], "size": [1.5, 1, 2], "uv": [16, 2]},
						{
							"origin": [0.65, -4.5, 3.2],
							"size": [0.8, 0.8, 0.8],
							"uv": {
								"north": {"uv": [8, 18], "uv_size": [1, 1]},
								"east": {"uv": [9, 18], "uv_size": [1, 1]},
								"south": {"uv": [8, 18], "uv_size": [1, 1]},
								"west": {"uv": [9, 18], "uv_size": [1, 1]},
								"up": {"uv": [8, 18], "uv_size": [1, 1]},
								"down": {"uv": [9, 19], "uv_size": [1, -1]}
							}
						},
						{"origin": [0.25, -4.6, 4], "size": [1.5, 1, 1], "uv": [0, 20]}
					]
				},
				{
					"name": "rightItem",
					"parent": "body",
					"pivot": [0, 0, -2],
					"rotation": [-80, 0, 0]
				},
				{
					"name": "right_arm",
					"parent": "body",
					"pivot": [-1.95, 2.5, 3.6],
					"rotation": [-2.18558, -9.76061, 12.68664],
					"cubes": [
						{
							"origin": [-2.3, 0.2, 3.4],
							"size": [0.5, 2.5, 0.5],
							"uv": {
								"north": {"uv": [6, 22], "uv_size": [0.5, 2.5]},
								"east": {"uv": [6, 22], "uv_size": [0.5, 2.5]},
								"south": {"uv": [6, 22], "uv_size": [0.5, 2.5]},
								"west": {"uv": [6, 22], "uv_size": [0.5, 2.5]},
								"up": {"uv": [13, 22], "uv_size": [0.5, 0.5]},
								"down": {"uv": [13, 22.5], "uv_size": [0.5, -0.5]}
							}
						}
					]
				},
				{
					"name": "bone4",
					"parent": "right_arm",
					"pivot": [-2, 0.2, 3.75],
					"rotation": [-37, 0, 0],
					"cubes": [
						{
							"origin": [-2.3, -2.2, 3.4],
							"size": [0.5, 2.5, 0.5],
							"uv": {
								"north": {"uv": [6, 22], "uv_size": [0.5, 2.5]},
								"east": {"uv": [6, 22], "uv_size": [0.5, 2.5]},
								"south": {"uv": [6, 22], "uv_size": [0.5, 2.5]},
								"west": {"uv": [6, 22], "uv_size": [0.5, 2.5]},
								"up": {"uv": [13, 22], "uv_size": [0.5, 0.5]},
								"down": {"uv": [13, 22.5], "uv_size": [0.5, -0.5]}
							}
						},
						{"origin": [-2.8, -3.55, 2.75], "size": [2, 2, 1.5], "pivot": [-1.8, -3.55, 3.75], "rotation": [0, 90, 0], "uv": [16, 5]},
						{"origin": [-2.5, -1.55, 3.2], "size": [1, 2, 1], "uv": [8, 15]}
					]
				},
				{
					"name": "left_arm",
					"parent": "body",
					"pivot": [1.95, 2.5, 3.6],
					"rotation": [0, 17.5, -12.5],
					"cubes": [
						{
							"origin": [1.75, 0.2, 3.4],
							"size": [0.5, 2.5, 0.5],
							"uv": {
								"north": {"uv": [6, 22], "uv_size": [0.5, 2.5]},
								"east": {"uv": [6, 22], "uv_size": [0.5, 2.5]},
								"south": {"uv": [6, 22], "uv_size": [0.5, 2.5]},
								"west": {"uv": [6, 22], "uv_size": [0.5, 2.5]},
								"up": {"uv": [13, 22], "uv_size": [0.5, 0.5]},
								"down": {"uv": [13, 22.5], "uv_size": [0.5, -0.5]}
							}
						}
					]
				},
				{
					"name": "bone3",
					"parent": "left_arm",
					"pivot": [2, 0.2, 3.65],
					"rotation": [-148, 0, 180],
					"cubes": [
						{
							"origin": [1.75, -2.2, 3.4],
							"size": [0.5, 2.5, 0.5],
							"uv": {
								"north": {"uv": [6, 22], "uv_size": [0.5, 2.5]},
								"east": {"uv": [6, 22], "uv_size": [0.5, 2.5]},
								"south": {"uv": [6, 22], "uv_size": [0.5, 2.5]},
								"west": {"uv": [6, 22], "uv_size": [0.5, 2.5]},
								"up": {"uv": [13, 22], "uv_size": [0.5, 0.5]},
								"down": {"uv": [13, 22.5], "uv_size": [0.5, -0.5]}
							}
						},
						{"origin": [1.2, -3.55, 2.65], "size": [2, 2, 1.5], "pivot": [2.2, -3.55, 3.65], "rotation": [0, 90, 0], "uv": [16, 5]},
						{"origin": [1.5, -1.55, 3.2], "size": [1, 2, 1], "uv": [8, 15]}
					]
				},
				{
					"name": "left_wing",
					"parent": "body",
					"pivot": [0.5, 4, 1],
					"cubes": [
						{"origin": [0.5, -1, 1], "size": [0, 5, 8], "uv": [16, 15]}
					]
				},
				{
					"name": "right_wing",
					"parent": "body",
					"pivot": [-0.5, 4, 1],
					"cubes": [
						{"origin": [-0.5, -1, 1], "size": [0, 5, 8], "uv": [16, 15]}
					]
				}
			]
		}
	]
}
