{
	"format_version": "1.12.0",
	"minecraft:geometry": [
		{
			"description": {
				"identifier": "geometry.MOAB",
				"texture_width": 32,
				"texture_height": 32,
				"visible_bounds_width": 3,
				"visible_bounds_height": 2.1,
				"visible_bounds_offset": [0, 0.95, 0]
			},
			"bones": [
				{
					"name": "root",
					"pivot": [0, 1, 0]
				},
				{
					"name": "head",
					"parent": "root",
					"pivot": [0, 5, 0]
				},
				{
					"name": "look_at",
					"parent": "head",
					"pivot": [0, 5, 0.75],
					"cubes": [
						{"origin": [-2.5, 5.01, -6.5], "size": [8, 8, 11], "uv": [0, 1]},
						{"origin": [1, 2.76, 7.5], "size": [1, 12.5, 0.5], "uv": [0, 0]},
						{"origin": [1, 19.51, -2.5], "size": [1, 4, 0.5], "pivot": [0, 8.5, -6.5], "rotation": [-50, 0, 0], "uv": [0, 0]},
						{"origin": [1, 27.01, 3], "size": [1, 4, 0.5], "pivot": [0, 16, -1], "rotation": [-130, 0, 0], "uv": [0, 0]},
						{"origin": [-6.5, 13.51, 7.5], "size": [1, 12.5, 0.5], "pivot": [-7.5, 10.75, 3.5], "rotation": [0, 0, 90], "uv": [0, 0]},
						{"origin": [-6.5, 14.26, 7], "size": [1, 11, 0.5], "pivot": [-7.5, 10.75, 3.5], "rotation": [0, 0, 90], "uv": [0, 0]},
						{"origin": [-6.5, 14.76, 6.5], "size": [1, 10, 0.5], "pivot": [-7.5, 10.75, 3.5], "rotation": [0, 0, 90], "uv": [0, 0]},
						{"origin": [-6.5, 15.26, 6], "size": [1, 9, 0.5], "pivot": [-7.5, 10.75, 3.5], "rotation": [0, 0, 90], "uv": [0, 0]},
						{"origin": [-6.5, 15.76, 5.5], "size": [1, 8, 0.5], "pivot": [-7.5, 10.75, 3.5], "rotation": [0, 0, 90], "uv": [0, 0]},
						{"origin": [0.75, 13.51, -2], "size": [1, 12.5, 0.5], "pivot": [-0.25, 10.75, -6], "rotation": [-45, 0, 90], "uv": [9, 5]},
						{"origin": [10.25, 13.51, 4], "size": [1, 12.5, 0.5], "pivot": [9.25, 10.75, 0], "rotation": [-135, 0, 90], "uv": [0, 0]},
						{"origin": [4.5, 20.51, 3.5], "size": [3, 0.5, 1], "pivot": [5.5, 13.5, 0], "rotation": [-90, 0, 90], "uv": [-1, 0]},
						{"origin": [-2.25, 10.01, 3.5], "size": [1.75, 0.5, 1], "pivot": [-2.5, 4.5, 0], "rotation": [-90, 0, -90], "uv": [-1, 0]},
						{"origin": [-2.75, 10.51, 3.5], "size": [2.25, 0.5, 1], "pivot": [-2.5, 4.5, 0], "rotation": [-90, 0, -90], "uv": [-1, 0]},
						{"origin": [-3, 11.01, 3.5], "size": [2.5, 0.5, 1], "pivot": [-2.5, 4.5, 0], "rotation": [-90, 0, -90], "uv": [-1, 0]},
						{"origin": [-3.5, 11.51, 3.5], "size": [3, 0.5, 1], "pivot": [-2.5, 4.5, 0], "rotation": [-90, 0, -90], "uv": [-1, 0]},
						{"origin": [5, 20.01, 3.5], "size": [2.5, 0.5, 1], "pivot": [5.5, 13.5, 0], "rotation": [-90, 0, 90], "uv": [-1, 0]},
						{"origin": [5.75, 19.01, 3.5], "size": [1.75, 0.5, 1], "pivot": [5.5, 13.5, 0], "rotation": [-90, 0, 90], "uv": [-1, 0]},
						{"origin": [6.25, 18.51, 3.5], "size": [1.25, 0.5, 1], "pivot": [5.5, 13.5, 0], "rotation": [-90, 0, 90], "uv": [-1, 0]},
						{"origin": [-1.75, 9.51, 3.5], "size": [1.25, 0.5, 1], "pivot": [-2.5, 4.5, 0], "rotation": [-90, 0, -90], "uv": [-1, 0]},
						{"origin": [5.25, 19.51, 3.5], "size": [2.25, 0.5, 1], "pivot": [5.5, 13.5, 0], "rotation": [-90, 0, 90], "uv": [-1, 0]},
						{"origin": [-2.25, 5.26, -7.5], "size": [7.5, 7.5, 1], "uv": [0, 24]},
						{"origin": [2.5, 7.01, -12.5], "size": [4, 4, 2], "pivot": [3, 0, -2], "rotation": [0, 180, 0], "uv": [0, 0]},
						{"origin": [2, 6.51, -11.5], "size": [5, 5, 1], "pivot": [3, 0, -2], "rotation": [0, 180, 0], "uv": [0, 0]},
						{"origin": [1.5, 6.01, -10.5], "size": [6, 6, 2], "pivot": [3, 0, -2], "rotation": [0, 180, 0], "uv": [0, 0]},
						{"origin": [1, 5.51, -9.75], "size": [7, 7, 1.25], "pivot": [3, 0, -2], "rotation": [0, 180, 0], "uv": [0, 0]},
						{"origin": [-2, 5.51, -8.5], "size": [7, 7, 1], "uv": [0, 24]},
						{"origin": [-1.75, 5.76, -9.5], "size": [6.5, 6.5, 1], "uv": [8, 25]}
					]
				},
				{
					"name": "body",
					"parent": "root",
					"pivot": [0, 5, 0],
					"locators": {
						"lead": [1.5, 9, -8]
					}
				},
				{
					"name": "rightItem",
					"parent": "body",
					"pivot": [1.5, 13.75, -1.5],
					"rotation": [-90, 0, 0]
				},
				{
					"name": "right_arm",
					"parent": "body",
					"pivot": [-1.75, 4.5, 0]
				},
				{
					"name": "left_arm",
					"parent": "body",
					"pivot": [1.75, 4.5, 0]
				},
				{
					"name": "left_wing",
					"parent": "body",
					"pivot": [0.5, 4, 1]
				},
				{
					"name": "right_wing",
					"parent": "body",
					"pivot": [-0.5, 4, 1]
				},
				{
					"name": "bone",
					"parent": "root",
					"pivot": [1.5, 9, 9],
					"cubes": [
						{"origin": [6.25, 15.26, 7], "size": [1.5, 0.75, 1.5], "pivot": [5.5, 10.5, 3.75], "rotation": [-90, 0, 90], "uv": [28, 26]},
						{"origin": [6.5, 15.51, 4.25], "size": [1, 0.25, 7], "pivot": [5.5, 10.5, 3.75], "rotation": [-90, 0, 90], "uv": [23, 25]}
					]
				}
			]
		}
	]
}
