{
	"format_version": "1.12.0",
	"minecraft:geometry": [
		{
			"description": {
				"identifier": "geometry.monkey_heli",
				"texture_width": 64,
				"texture_height": 64,
				"visible_bounds_width": 3,
				"visible_bounds_height": 2.1,
				"visible_bounds_offset": [0, 0.95, 0]
			},
			"bones": [
				{
					"name": "root",
					"pivot": [0, 1, 0]
				},
				{
					"name": "body",
					"parent": "root",
					"pivot": [0, 5, 0],
					"cubes": [
						{"origin": [-3.5, 6, -4], "size": [7, 2, 9], "uv": [0, 0]},
						{"origin": [-2.5, 5.25, -3], "size": [5, 1, 7], "inflate": -0.2, "uv": [24, 11]},
						{"origin": [-2.5, 10, 3], "size": [5, 2, 2], "uv": [32, 4]},
						{"origin": [-3.5, 8, 3], "size": [7, 2, 2], "uv": [32, 0]},
						{"origin": [-0.5, 7, 5], "size": [1, 3, 3], "uv": [24, 34]},
						{"origin": [-0.5, 7, 8], "size": [1, 5, 2], "uv": [32, 34]},
						{"origin": [2.25, 4.5, 3.75], "size": [0.5, 1.5, 0.5], "uv": [0, 0]},
						{"origin": [2.25, 4.5, -3.25], "size": [0.5, 1.5, 0.5], "uv": [0, 0]},
						{"origin": [2, 3.75, 11], "size": [1, 8, 0.5], "pivot": [1.5, 0.75, 7.5], "rotation": [90, 0, 0], "uv": [2, 40]},
						{"origin": [2, 7, 7.75], "size": [1, 1.1, 0.5], "pivot": [1.5, -2.75, 4.25], "rotation": [67.5, 0, 0], "uv": [1, 42]},
						{"origin": [-2.5, 4.5, -3.25], "size": [0.5, 1.5, 0.5], "uv": [0, 0]},
						{
							"origin": [-2.5, 4.5, 3.75],
							"size": [0.5, 1.5, 0.5],
							"uv": {
								"north": {"uv": [0, 0], "uv_size": [0, 1]},
								"east": {"uv": [0, 0], "uv_size": [0, 1]},
								"south": {"uv": [0, 0], "uv_size": [0, 1]},
								"west": {"uv": [0, 0], "uv_size": [0, 1]},
								"up": {"uv": [0, 0], "uv_size": [0, 0]},
								"down": {"uv": [0, 0], "uv_size": [0, 0]}
							}
						},
						{"origin": [-0.75, 12, 3.5], "size": [1, 5, 1], "uv": [38, 34]},
						{"origin": [-2.75, 3.75, 11], "size": [1, 8, 0.5], "pivot": [-3.25, 0.75, 7.5], "rotation": [90, 0, 0], "uv": [0, 40]},
						{"origin": [-2.75, 7, 7.75], "size": [1, 1.1, 0.5], "pivot": [-3.25, -2.75, 4.25], "rotation": [67.5, 0, 0], "uv": [41, 20]}
					],
					"locators": {
						"lead": [-0.25, 13, 4]
					}
				},
				{
					"name": "head",
					"parent": "body",
					"pivot": [0, 10, 0],
					"cubes": [
						{"origin": [-9.5, 16.5, 1.5], "size": [0.25, 5, 0.75], "pivot": [-9.75, 9.25, 1.75], "rotation": [0, -90, 90], "uv": [45, 56]},
						{"origin": [2.25, 13, 8], "size": [0.25, 5.35, 0.75], "pivot": [2, 5.75, 8.25], "rotation": [60, 0, 0], "uv": [47, 24]},
						{"origin": [-2.25, 19, 12.25], "size": [4.5, 0.85, 1], "pivot": [-2.25, 8.25, 9.25], "rotation": [90, 0, 0], "uv": [20, 30]},
						{"origin": [-2, 8.01, -2.25], "size": [4, 4, 4], "uv": [24, 19]},
						{"origin": [-0.5, 13.57288, -4.85978], "size": [0.25, 1.75, 0.5], "pivot": [-1.5, 10.07288, -7.85978], "rotation": [-30, 0, 0], "uv": [34, 10]},
						{"origin": [0, 13.57288, -4.85978], "size": [0.25, 1.75, 0.5], "pivot": [-1, 10.07288, -7.85978], "rotation": [-30, 0, 0], "uv": [34, 10]},
						{"origin": [1.75, 13.57288, -4.85978], "size": [0.25, 1.75, 0.5], "pivot": [0.75, 10.07288, -7.85978], "rotation": [-30, 0, 0], "uv": [34, 10]},
						{"origin": [0.25, 15.07288, -4.85978], "size": [1.75, 0.25, 0.5], "pivot": [0.75, 10.07288, -7.85978], "rotation": [-30, 0, 0], "uv": [33, 10]},
						{"origin": [-2.25, 15.07288, -4.85978], "size": [1.75, 0.25, 0.5], "pivot": [-1.75, 10.07288, -7.85978], "rotation": [-30, 0, 0], "uv": [33, 10]},
						{"origin": [-2, 13.77384, -5.60978], "size": [1.75, 0.25, 0.5], "pivot": [-1.5, 8.77384, -8.60978], "rotation": [-30, 0, 0], "uv": [33, 10]},
						{"origin": [0.25, 13.77384, -5.60978], "size": [1.75, 0.25, 0.5], "pivot": [0.75, 8.77384, -8.60978], "rotation": [-30, 0, 0], "uv": [33, 10]},
						{"origin": [-2.25, 13.57288, -4.85978], "size": [0.25, 1.75, 0.5], "pivot": [-3.25, 10.07288, -7.85978], "rotation": [-30, 0, 0], "uv": [34, 10]},
						{"origin": [-2.25, 15.5, 9], "size": [4.5, 3.6, 4.25], "pivot": [-2.25, 8.25, 9.25], "rotation": [90, 0, 0], "uv": [15, 25]},
						{"origin": [-9.25326, 19.36172, -3.01882], "size": [0.25, 4.8, 0.75], "pivot": [-9.50326, 12.11172, -2.76882], "rotation": [1.73144, -59.98489, 88.00061], "uv": [49, 26]},
						{"origin": [-2.5, 13, 8], "size": [0.25, 5.35, 0.75], "pivot": [-2.75, 5.75, 8.25], "rotation": [60, 0, 0], "uv": [51, 34]},
						{"origin": [-2.25, 19.75, 12.25], "size": [4.5, 0.35, 0.5], "pivot": [-2.25, 8.25, 9.25], "rotation": [90, 0, 0], "uv": [21, 30]},
						{"origin": [-2, 11.45881, -3.86007], "size": [1.5, 0.35, 1.25], "pivot": [0, 11.73884, -2.82181], "rotation": [-120, 0, 0], "uv": [58, 16]},
						{"origin": [0.25, 11.45881, -3.86007], "size": [1.5, 0.35, 1.25], "pivot": [2.25, 11.73884, -2.82181], "rotation": [-120, 0, 0], "uv": [56, 16]},
						{"origin": [-2.25, 19, 8.25], "size": [0.25, 1.1, 4], "pivot": [-2.25, 8.25, 9.25], "rotation": [90, 0, 0], "uv": [22, 26]},
						{"origin": [2, 19, 8.25], "size": [0.25, 1.1, 4], "pivot": [2, 8.25, 9.25], "rotation": [90, 0, 0], "uv": [21, 27]},
						{"origin": [-2.5, 13.025, 8.38971], "size": [0.25, 0.15, 0.25], "pivot": [-2.75, 5.525, 8.63971], "rotation": [60, 0, 0], "uv": [61, 51]},
						{"origin": [2.25, 13.025, 8.38971], "size": [0.25, 0.15, 0.25], "pivot": [2, 5.525, 8.63971], "rotation": [60, 0, 0], "uv": [59, 58]},
						{"origin": [-2.5, 12.85, 7.8268], "size": [0.25, 0.05, 0.75], "pivot": [-2.75, 5.85, 8.0768], "rotation": [60, 0, 0], "uv": [58, 38]},
						{"origin": [2.25, 12.85, 7.8268], "size": [0.25, 0.05, 0.75], "pivot": [2, 5.85, 8.0768], "rotation": [60, 0, 0], "uv": [58, 55]}
					]
				},
				{
					"name": "bone2",
					"parent": "body",
					"pivot": [-1, 11.5, 9.25],
					"cubes": [
						{"origin": [-1.5, 9, 8.5], "size": [1, 5, 1], "uv": [20, 35]},
						{"origin": [-1.5, 11, 17.5], "size": [1, 5, 1], "pivot": [-2, 8, 14.5], "rotation": [90, 0, 0], "uv": [16, 35]},
						{"origin": [-1.75, 12.75, 17.25], "size": [0.25, 1.5, 1.5], "pivot": [-2, 8, 14.5], "rotation": [90, 0, 0], "uv": [12, 40]}
					]
				},
				{
					"name": "bone",
					"parent": "body",
					"pivot": [0, 0, 0],
					"cubes": [
						{"origin": [-0.75, 15.75, -1.5], "size": [1, 1, 11], "uv": [0, 11]},
						{"origin": [-3.25, 15.75, 3], "size": [1, 1, 11], "pivot": [-3.75, 8.75, 5], "rotation": [0, 90, 0], "uv": [0, 23]}
					]
				},
				{
					"name": "bone4",
					"parent": "body",
					"pivot": [0, 0, 0],
					"cubes": [
						{"origin": [-2.5, 6.25, 2.5], "size": [1, 3, 1], "pivot": [-3, 3.25, -0.5], "rotation": [90, 0, 0], "uv": [4, 40]},
						{"origin": [1.5, 6.25, 2.5], "size": [1, 3, 1], "pivot": [1, 3.25, -0.5], "rotation": [90, 0, 0], "uv": [8, 40]}
					]
				},
				{
					"name": "bone5",
					"parent": "body",
					"pivot": [0, 0, 0],
					"cubes": [
						{"origin": [-1.5, 8, -3.25], "size": [0.5, 1, 0.5], "uv": [0, 0]},
						{"origin": [1, 8, -3.25], "size": [0.5, 1, 0.5], "uv": [0, 0]},
						{"origin": [-1.75, 8.5, -3.5], "size": [1, 1, 1], "uv": [32, 9]},
						{"origin": [0.75, 8.5, -3.5], "size": [1, 1, 1], "uv": [36, 9]}
					]
				},
				{
					"name": "rightItem",
					"parent": "body",
					"pivot": [0, 13.5, -0.25],
					"rotation": [-90, 0, 0]
				}
			]
		}
	]
}