{"format_version":"1.12.0","minecraft:geometry":[{"description":{"identifier":"geometry.mooshroom_more_allays","texture_width":32,"texture_height":32,"visible_bounds_width":3,"visible_bounds_height":2.5,"visible_bounds_offset":[0,0.75,0]},"bones":[{"name":"root","pivot":[0,0,0]},{"name":"head","parent":"root","pivot":[0,4,0]},{"name":"look_at","parent":"head","pivot":[0,4,0.75],"cubes":[{"origin":[-3.5,4.01,-2.5],"size":[7,6,5],"uv":[0,0]},{"origin":[3.5,9.01,-0.5],"size":[1,2,1],"uv":[19,0]},{"origin":[-4.5,9.01,-0.5],"size":[1,2,1],"uv":[0,0]}]},{"name":"shroom","parent":"look_at","pivot":[0,10,0],"rotation":[0,-45,0],"cubes":[{"origin":[-4,10.01,0],"size":[8,7,0],"uv":[16,11]}]},{"name":"shroom2","parent":"look_at","pivot":[0,10,0],"rotation":[0,45,0],"cubes":[{"origin":[-4,10.01,0],"size":[8,7,0],"uv":[16,11],"mirror":true}]},{"name":"body","parent":"root","pivot":[0,4,0],"cubes":[{"origin":[-1.5,0,-1],"size":[3,4,2],"uv":[0,21]},{"origin":[-1.5,-1,-1],"size":[3,5,2],"inflate":-0.2,"uv":[16,18]}],"locators":{"lead":[0,5,0]}},{"name":"rightItem","parent":"body","pivot":[0,-1,-2],"rotation":[-80,0,0]},{"name":"right_arm","parent":"body","pivot":[-1.75,3.5,0],"cubes":[{"origin":[-3.5,0,-1],"size":[2,4,2],"uv":[24,0]}]},{"name":"left_arm","parent":"body","pivot":[1.75,3.5,0],"cubes":[{"origin":[1.5,0,-1],"size":[2,4,2],"uv":[10,23]}]},{"name":"left_wing","parent":"body","pivot":[0.5,3,1],"cubes":[{"origin":[0.5,-2,1],"size":[0,5,8],"uv":[0,8]}]},{"name":"right_wing","parent":"body","pivot":[-0.5,3,1],"cubes":[{"origin":[-0.5,-2,1],"size":[0,5,8],"uv":[0,3]}]}]}]}