{
	"format_version": "1.12.0",
	"minecraft:geometry": [
		{
			"description": {
				"identifier": "geometry.mushroom_toppin",
				"texture_width": 32,
				"texture_height": 32,
				"visible_bounds_width": 3,
				"visible_bounds_height": 2.1,
				"visible_bounds_offset": [0, 0.95, 0]
			},
			"bones": [
				{
					"name": "root",
					"pivot": [0, 1, 0]
				},
				{
					"name": "head",
					"parent": "root",
					"pivot": [0, 4, 0]
				},
				{
					"name": "look_at",
					"parent": "head",
					"pivot": [0, 4, 0.75],
					"cubes": [
						{"origin": [-1.8, 3.71, -1.8], "size": [3.6, 3.6, 3.6], "uv": [2, 2]},
						{
							"origin": [0.55, 5.61, -2.3],
							"size": [1, 1, 0.5],
							"uv": {
								"north": {"uv": [2, 3], "uv_size": [2, 2]},
								"east": {"uv": [2, 3], "uv_size": [1, 1]},
								"south": {"uv": [2, 3], "uv_size": [1, 1]},
								"west": {"uv": [3, 3], "uv_size": [-1, 1]},
								"up": {"uv": [2, 4], "uv_size": [1, -1]},
								"down": {"uv": [3, 3], "uv_size": [-1, 1]}
							}
						},
						{
							"origin": [-1.45, 5.61, -2.3],
							"size": [1, 1, 0.5],
							"uv": {
								"north": {"uv": [2, 3], "uv_size": [2, 2]},
								"east": {"uv": [2, 3], "uv_size": [1, 1]},
								"south": {"uv": [2, 3], "uv_size": [1, 1]},
								"west": {"uv": [2, 3], "uv_size": [1, 1]},
								"up": {"uv": [2, 4], "uv_size": [1, -1]},
								"down": {"uv": [3, 4], "uv_size": [-1, -1]}
							}
						},
						{"origin": [-0.45, 1, -1.3], "size": [0, 3, 3], "pivot": [-0.45, 2.5, 0.2], "rotation": [0, 30, 0], "uv": [8, 5]},
						{"origin": [0.55, 1, -1.3], "size": [0, 3, 3], "pivot": [0.55, 2.5, 0.2], "rotation": [0, -30, 0], "uv": [8, 5]},
						{"origin": [-2.5, 7.01, -2.5], "size": [5, 2, 5], "uv": [0, 0]}
					]
				},
				{
					"name": "body",
					"parent": "root",
					"pivot": [0, 5, 0],
					"cubes": [
						{"origin": [-1.5, 1, -1], "size": [3, 4, 2], "uv": [18, 15]},
						{"origin": [-1.5, 0, -1], "size": [3, 5, 2], "inflate": -0.2, "uv": [16, 14]}
					],
					"locators": {
						"lead": [0, 6, 0]
					}
				},
				{
					"name": "rightItem",
					"parent": "body",
					"pivot": [0, 0, -2],
					"rotation": [-80, 0, 0]
				},
				{
					"name": "right_arm",
					"parent": "body",
					"pivot": [-1.75, 4.5, 0],
					"cubes": [
						{"origin": [-2.5, 1, -1], "size": [1, 4, 2], "uv": [19, 15]}
					]
				},
				{
					"name": "left_arm",
					"parent": "body",
					"pivot": [1.75, 4.5, 0],
					"cubes": [
						{"origin": [1.5, 1, -1], "size": [1, 4, 2], "uv": [20, 15]}
					]
				},
				{
					"name": "left_wing",
					"parent": "body",
					"pivot": [0.5, 4, 1],
					"cubes": [
						{"origin": [0.5, -1, 1], "size": [0, 5, 8], "uv": [16, 8]}
					]
				},
				{
					"name": "right_wing",
					"parent": "body",
					"pivot": [-0.5, 4, 1],
					"cubes": [
						{"origin": [-0.5, -1, 1], "size": [0, 5, 8], "uv": [15, 9]}
					]
				}
			]
		}
	]
}
