{"format_version":"1.12.0","minecraft:geometry":[{"description":{"identifier":"geometry.ocelot_more_allays","texture_width":32,"texture_height":32,"visible_bounds_width":3,"visible_bounds_height":2.5,"visible_bounds_offset":[0,0.75,0]},"bones":[{"name":"bb_main","pivot":[0,0,0],"cubes":[{"origin":[-0.5,-0.12132,1.70711],"size":[1,1,4],"uv":[16,2]}]},{"name":"root","pivot":[0,0,0]},{"name":"head","parent":"root","pivot":[0,4,0]},{"name":"look_at","parent":"head","pivot":[0,4,0.75],"cubes":[{"origin":[-2.5,4.01,-2.5],"size":[5,5,4],"uv":[12,14]},{"origin":[1.5,9.01,-0.5],"size":[1,1,2],"uv":[6,21]},{"origin":[-2.5,9.01,-0.5],"size":[1,1,2],"uv":[20,11]},{"origin":[-1.5,4.01,-3.5],"size":[3,2,1],"uv":[22,0]}]},{"name":"bone","parent":"head","pivot":[0,4,0]},{"name":"body","parent":"root","pivot":[0,4,0],"cubes":[{"origin":[-1.5,0,-1],"size":[3,4,2],"uv":[10,0]},{"origin":[-1.5,-1,-1],"size":[3,5,2],"inflate":-0.2,"uv":[0,0]}],"locators":{"lead":[0,5,0]}},{"name":"rightItem","parent":"body","pivot":[0,-1,-2],"rotation":[-80,0,0]},{"name":"right_arm","parent":"body","pivot":[-1.75,3.5,0],"cubes":[{"origin":[-2.5,0,-1],"size":[1,4,2],"uv":[0,18]}]},{"name":"left_arm","parent":"body","pivot":[1.75,3.5,0],"cubes":[{"origin":[1.5,0,-1],"size":[1,4,2],"uv":[16,7]}]},{"name":"left_wing","parent":"body","pivot":[0.6,3,1],"cubes":[{"origin":[0.6,-2,1],"size":[0,5,8],"uv":[0,5]}]},{"name":"right_wing","parent":"body","pivot":[-0.6,3,1],"cubes":[{"origin":[-0.6,-2,1],"size":[0,5,8],"uv":[0,0]}]},{"name":"schwanz","parent":"body","pivot":[0,2,1],"rotation":[-45,0,0],"cubes":[{"origin":[-0.5,1,1],"size":[1,1,2],"uv":[6,18]}]},{"name":"bone2","parent":"schwanz","pivot":[0,2,1],"rotation":[45,0,0]}]}]}