{
	"format_version": "1.12.0",
	"minecraft:geometry": [
		{
			"description": {
				"identifier": "geometry.panda_allay",
				"texture_width": 32,
				"texture_height": 32,
				"visible_bounds_width": 2,
				"visible_bounds_height": 2.1,
				"visible_bounds_offset": [0, 0.95, 0]
			},
			"bones": [
				{
					"name": "root",
					"pivot": [0, 1, 0]
				},
				{
					"name": "head",
					"parent": "root",
					"pivot": [0, 5, 0]
				},
				{
					"name": "look_at",
					"parent": "head",
					"pivot": [0, 5, 0.75],
					"cubes": [
						{"origin": [-3, 5.01, -2.5], "size": [6, 5, 5], "uv": [0, 0]},
						{"origin": [1, 8.01, -0.5], "size": [3, 3, 1], "uv": [14, 12], "mirror": true},
						{"origin": [-4, 8.01, -0.5], "size": [3, 3, 1], "uv": [14, 12]}
					]
				},
				{
					"name": "bone",
					"parent": "look_at",
					"pivot": [0, 0, 0],
					"cubes": [
						{"origin": [1, 7.01, -2.5], "size": [1, 1, 0], "uv": [3, 26]},
						{
							"origin": [1, 7, -2.55],
							"size": [0.75, 0.75, 0],
							"uv": {
								"north": {"uv": [24, 22], "uv_size": [3, 3]},
								"east": {"uv": [18, 13], "uv_size": [0, 0]},
								"south": {"uv": [18, 13], "uv_size": [0, 0]},
								"west": {"uv": [18, 13], "uv_size": [0, 0]},
								"up": {"uv": [18, 13], "uv_size": [0, 0]},
								"down": {"uv": [18, 15], "uv_size": [-2, -2]}
							}
						},
						{
							"origin": [-1.45, 7.1, -2.6],
							"size": [0.4, 0.4, 0],
							"uv": {
								"north": {"uv": [11, 25], "uv_size": [-3, 3]},
								"east": {"uv": [18, 13], "uv_size": [0, 0]},
								"south": {"uv": [18, 13], "uv_size": [0, 0]},
								"west": {"uv": [18, 13], "uv_size": [0, 0]},
								"up": {"uv": [18, 13], "uv_size": [0, 0]},
								"down": {"uv": [16, 15], "uv_size": [2, -2]}
							}
						},
						{
							"origin": [1.35, 7.4, -2.6],
							"size": [0.25, 0.25, 0],
							"uv": {
								"north": {"uv": [8, 25], "uv_size": [3, 3]},
								"east": {"uv": [18, 13], "uv_size": [0, 0]},
								"south": {"uv": [18, 13], "uv_size": [0, 0]},
								"west": {"uv": [18, 13], "uv_size": [0, 0]},
								"up": {"uv": [18, 13], "uv_size": [0, 0]},
								"down": {"uv": [18, 15], "uv_size": [-2, -2]}
							}
						},
						{
							"origin": [1.05, 7.1, -2.6],
							"size": [0.4, 0.4, 0],
							"uv": {
								"north": {"uv": [8, 25], "uv_size": [3, 3]},
								"east": {"uv": [18, 13], "uv_size": [0, 0]},
								"south": {"uv": [18, 13], "uv_size": [0, 0]},
								"west": {"uv": [18, 13], "uv_size": [0, 0]},
								"up": {"uv": [18, 13], "uv_size": [0, 0]},
								"down": {"uv": [18, 15], "uv_size": [-2, -2]}
							}
						},
						{
							"origin": [-1.75, 7, -2.55],
							"size": [0.75, 0.75, 0],
							"uv": {
								"north": {"uv": [24, 22], "uv_size": [3, 3]},
								"east": {"uv": [18, 13], "uv_size": [0, 0]},
								"south": {"uv": [18, 13], "uv_size": [0, 0]},
								"west": {"uv": [18, 13], "uv_size": [0, 0]},
								"up": {"uv": [18, 13], "uv_size": [0, 0]},
								"down": {"uv": [18, 15], "uv_size": [-2, -2]}
							}
						},
						{"origin": [-2, 7.01, -2.5], "size": [1, 1, 0], "uv": [3, 26], "mirror": true},
						{
							"origin": [-1.6, 7.4, -2.6],
							"size": [0.25, 0.25, 0],
							"uv": {
								"north": {"uv": [11, 25], "uv_size": [-3, 3]},
								"east": {"uv": [18, 13], "uv_size": [0, 0]},
								"south": {"uv": [18, 13], "uv_size": [0, 0]},
								"west": {"uv": [18, 13], "uv_size": [0, 0]},
								"up": {"uv": [18, 13], "uv_size": [0, 0]},
								"down": {"uv": [16, 15], "uv_size": [2, -2]}
							}
						}
					]
				},
				{
					"name": "body",
					"parent": "root",
					"pivot": [0, 5, 0],
					"cubes": [
						{"origin": [-1.5, 1, -1], "size": [3, 4, 2], "uv": [0, 10]},
						{"origin": [-1.5, 0, -1], "size": [3, 5, 2], "inflate": -0.2, "uv": [0, 16]}
					],
					"locators": {
						"lead": [0, 6, 0]
					}
				},
				{
					"name": "rightItem",
					"parent": "body",
					"pivot": [0, 0, -2],
					"rotation": [-80, 0, 0]
				},
				{
					"name": "right_arm",
					"parent": "body",
					"pivot": [-1.75, 4.5, 0],
					"cubes": [
						{"origin": [-2.5, 1, -1], "size": [1, 4, 2], "uv": [23, 0]}
					]
				},
				{
					"name": "left_arm",
					"parent": "body",
					"pivot": [1.75, 4.5, 0],
					"cubes": [
						{"origin": [1.5, 1, -1], "size": [1, 4, 2], "uv": [23, 6]}
					]
				},
				{
					"name": "left_wing",
					"parent": "body",
					"pivot": [0.5, 4, 1]
				},
				{
					"name": "right_wing",
					"parent": "body",
					"pivot": [-0.5, 4, 1]
				}
			]
		}
	]
}
