{"format_version":"1.12.0","minecraft:geometry":[{"description":{"identifier":"geometry.sheep_more_allays","texture_width":64,"texture_height":64,"visible_bounds_width":3,"visible_bounds_height":2.5,"visible_bounds_offset":[0,0.75,0]},"bones":[{"name":"root","pivot":[0,0,0]},{"name":"head","parent":"root","pivot":[0,4,0]},{"name":"look_at","parent":"head","pivot":[0,4,0.75],"cubes":[{"origin":[-3,4.01,-2.5],"size":[6,6,5],"uv":[0,0]},{"origin":[-3,4.01,-0.6],"size":[6,6,3],"inflate":0.5,"uv":[16,11]}]},{"name":"body","parent":"root","pivot":[0,4,0],"cubes":[{"origin":[-1.5,0,-1],"size":[3,4,2],"uv":[0,21]},{"origin":[-1.5,-1,-1],"size":[3,5,2],"inflate":-0.2,"uv":[14,20]}],"locators":{"lead":[0,5,0]}},{"name":"rightItem","parent":"body","pivot":[0,-1,-2],"rotation":[-80,0,0]},{"name":"right_arm","parent":"body","pivot":[-1.75,3.5,0],"cubes":[{"origin":[-2.5,0,-1],"size":[1,4,2],"uv":[24,20]}]},{"name":"left_arm","parent":"body","pivot":[1.75,3.5,0],"cubes":[{"origin":[1.5,0,-1],"size":[1,4,2],"uv":[22,0]}]},{"name":"left_wing","parent":"body","pivot":[0.5,3,1],"cubes":[{"origin":[0.5,-2,1],"size":[0,5,8],"uv":[0,8]}]},{"name":"right_wing","parent":"body","pivot":[-0.5,3,1],"cubes":[{"origin":[-0.5,-2,1],"size":[0,5,8],"uv":[0,3]}]}]}]}