{
	"format_version": "1.12.0",
	"minecraft:geometry": [
		{
			"description": {
				"identifier": "geometry.silly_dog",
				"texture_width": 32,
				"texture_height": 32,
				"visible_bounds_width": 3,
				"visible_bounds_height": 3.1,
				"visible_bounds_offset": [0, 1.45, 0]
			},
			"bones": [
				{
					"name": "root",
					"pivot": [0, 1, 0]
				},
				{
					"name": "head",
					"parent": "root",
					"pivot": [0, 3, 0]
				},
				{
					"name": "look_at",
					"parent": "head",
					"pivot": [0, 3, 0.375],
					"cubes": [
						{"origin": [-3.75, 2.505, 0.75], "size": [0.5, 0.5, 0.5], "uv": [28, 19]},
						{"origin": [0.25, 14.005, 0.75], "size": [1.5, 0.5, 0.5], "uv": [11, 8]},
						{"origin": [-0.25, 14.505, 0.75], "size": [1.5, 0.5, 0.5], "uv": [11, 8]},
						{"origin": [-0.75, 15.005, 0.75], "size": [1.5, 1, 0.5], "uv": [11, 8]},
						{"origin": [-0.75, 16.005, 0.75], "size": [1, 1.5, 0.5], "uv": [11, 8]},
						{"origin": [0.25, 16.505, 0.75], "size": [0.5, 0.5, 0.5], "uv": [12, 8]},
						{"origin": [0.25, 17.505, 0.75], "size": [0.5, 0.5, 0.5], "uv": [12, 8]},
						{"origin": [0.75, 16.005, 0.75], "size": [0.5, 0.5, 0.5], "uv": [13, 8]},
						{"origin": [1.75, 14.505, 0.75], "size": [0.5, 0.5, 0.5], "uv": [14, 8]},
						{"origin": [1.25, 14.505, 0.75], "size": [0.5, 0.5, 0.5], "uv": [6, 6]},
						{"origin": [0.25, 16.005, 0.75], "size": [0.5, 0.5, 0.5], "uv": [5, 6]},
						{"origin": [0.75, 15.005, 0.75], "size": [2, 0.5, 0.5], "uv": [2, 5]},
						{"origin": [0.75, 15.505, 0.75], "size": [2, 0.5, 0.5], "uv": [2, 4]},
						{"origin": [1.25, 16.005, 0.75], "size": [1.5, 0.5, 0.5], "uv": [2, 3]},
						{"origin": [0.75, 16.505, 0.75], "size": [2, 0.5, 0.5], "uv": [2, 2]},
						{"origin": [0.25, 17.005, 0.75], "size": [1.5, 0.5, 0.5], "uv": [1, 0]},
						{"origin": [2.25, 17.005, 0.75], "size": [0.5, 0.5, 0.5], "uv": [3, 0]},
						{"origin": [1.75, 17.505, 0.75], "size": [0.5, 0.5, 0.5], "uv": [3, 0]},
						{"origin": [1.25, 17.505, 0.75], "size": [0.5, 0.5, 0.5], "uv": [24, 12]},
						{"origin": [1.75, 17.005, 0.75], "size": [0.5, 0.5, 0.5], "uv": [25, 12]},
						{"origin": [0.75, 17.505, 0.75], "size": [0.5, 0.5, 0.5], "uv": [4, 1]},
						{"origin": [-0.25, 17.505, 0.75], "size": [0.5, 0.5, 0.5], "uv": [3, 1]},
						{"origin": [0.25, 18.005, 0.75], "size": [1.5, 0.5, 0.5], "uv": [2, 0]},
						{"origin": [-3.75, 3.005, 0.75], "size": [0.5, 1, 0.5], "uv": [17, 19]},
						{"origin": [-1.75, 2.505, 0.75], "size": [0.5, 0.5, 0.5], "uv": [27, 17]},
						{"origin": [-1.75, 3.005, 0.75], "size": [0.5, 1, 0.5], "uv": [16, 19]},
						{"origin": [-3.75, 4.005, 0.75], "size": [8, 0.5, 0.5], "uv": [0, 22]},
						{"origin": [-4.25, 4.505, 0.75], "size": [8.5, 0.5, 0.5], "uv": [0, 29]},
						{"origin": [-4.25, 5.005, 0.75], "size": [9, 2, 0.5], "uv": [0, 18]},
						{"origin": [4.25, 8.005, 0.75], "size": [0.5, 0.5, 0.5], "uv": [27, 17]},
						{"origin": [-4.25, 7.505, 0.75], "size": [0.5, 0.5, 0.5], "uv": [19, 13]},
						{"origin": [-4.25, 7.005, 0.75], "size": [1, 0.5, 0.5], "uv": [16, 1]},
						{"origin": [-3.25, 7.505, 0.75], "size": [0.5, 0.5, 0.5], "uv": [18, 1]},
						{"origin": [-2.25, 7.505, 0.75], "size": [1, 0.5, 0.5], "uv": [19, 1]},
						{"origin": [-0.75, 7.505, 0.75], "size": [5.5, 0.5, 0.5], "uv": [19, 18]},
						{"origin": [-1.25, 7.005, 0.75], "size": [6, 0.5, 0.5], "uv": [17, 16]},
						{"origin": [3.75, 8.505, 0.75], "size": [0.5, 0.5, 0.5], "uv": [20, 2]},
						{"origin": [0.25, 3.505, 0.75], "size": [0.5, 0.5, 0.5], "uv": [31, 4]},
						{"origin": [0.75, 4.005, 0.25], "size": [0.5, 0.5, 0.5], "uv": [31, 4]},
						{"origin": [0.75, 4.005, 1.25], "size": [0.5, 0.5, 0.5], "uv": [31, 4]},
						{"origin": [0.75, 4.505, 0.25], "size": [1, 0.5, 0.5], "uv": [27, 5]},
						{"origin": [0.75, 4.505, 1.25], "size": [1, 0.5, 0.5], "uv": [26, 2]},
						{"origin": [0.75, 13.005, 0.75], "size": [0.5, 0.5, 0.5], "uv": [29, 5]},
						{"origin": [0.75, 9.005, 0.75], "size": [0.5, 0.5, 0.5], "uv": [29, 6]},
						{"origin": [0.75, 10.005, 0.75], "size": [0.5, 1, 0.5], "uv": [29, 5]},
						{"origin": [0.25, 10.005, 0.75], "size": [0.5, 4, 0.5], "uv": [23, 27]},
						{"origin": [1.25, 9.005, 0.75], "size": [0.5, 5, 0.5], "uv": [24, 26]},
						{"origin": [1.75, 14.005, 0.75], "size": [0.5, 0.5, 0.5], "uv": [25, 26]},
						{"origin": [2.25, 14.505, 0.75], "size": [0.5, 0.5, 0.5], "uv": [25, 26]},
						{"origin": [-0.75, 14.505, 0.75], "size": [0.5, 0.5, 0.5], "uv": [25, 26]},
						{"origin": [-0.25, 14.005, 0.75], "size": [0.5, 0.5, 0.5], "uv": [25, 26]},
						{"origin": [-0.75, 17.505, 0.75], "size": [0.5, 0.5, 0.5], "uv": [25, 26]},
						{"origin": [2.25, 17.505, 0.75], "size": [0.5, 0.5, 0.5], "uv": [25, 26]},
						{"origin": [1.75, 18.005, 0.75], "size": [0.5, 0.5, 0.5], "uv": [25, 26]},
						{"origin": [-0.25, 18.005, 0.75], "size": [0.5, 0.5, 0.5], "uv": [25, 26]},
						{"origin": [0.25, 18.505, 0.75], "size": [1.5, 0.5, 0.5], "uv": [25, 26]},
						{"origin": [2.75, 15.005, 0.75], "size": [0.5, 2.5, 0.5], "uv": [25, 26]},
						{"origin": [-1.25, 15.005, 0.75], "size": [0.5, 2.5, 0.5], "uv": [25, 26]},
						{"origin": [-2.75, 11.005, 0.75], "size": [2, 0.5, 0.5], "uv": [25, 26]},
						{"origin": [-4.25, 9.505, 0.75], "size": [0.5, 1.5, 0.5], "uv": [23, 26]},
						{"origin": [-4.75, 4.505, 0.75], "size": [0.5, 5, 0.5], "uv": [23, 26]},
						{"origin": [-4.25, 2.505, 0.75], "size": [0.5, 2, 0.5], "uv": [24, 26]},
						{"origin": [-0.75, 10.505, 0.75], "size": [0.5, 0.5, 0.5], "uv": [29, 26]},
						{"origin": [-1.75, 2.005, 0.75], "size": [0.5, 0.5, 0.5], "uv": [29, 26]},
						{"origin": [-3.75, 2.005, 0.75], "size": [0.5, 0.5, 0.5], "uv": [29, 26]},
						{"origin": [1.25, 2.005, 0.75], "size": [0.5, 0.5, 0.5], "uv": [29, 26]},
						{"origin": [0.75, 2.505, 0.75], "size": [0.5, 1.5, 0.5], "uv": [29, 26]},
						{"origin": [3.25, 2.005, 0.75], "size": [0.5, 0.5, 0.5], "uv": [29, 26]},
						{"origin": [3.75, 2.505, 0.75], "size": [0.5, 0.5, 0.5], "uv": [29, 26]},
						{"origin": [4.25, 3.005, 0.75], "size": [0.5, 2, 0.5], "uv": [29, 26]},
						{"origin": [4.75, 5.005, 0.75], "size": [0.5, 3.5, 0.5], "uv": [24, 28]},
						{"origin": [2.75, 2.505, 0.75], "size": [0.5, 0.5, 0.5], "uv": [29, 26]},
						{"origin": [-1.25, 2.505, 0.75], "size": [0.5, 0.5, 0.5], "uv": [29, 26]},
						{"origin": [1.75, 2.505, 0.75], "size": [0.5, 0.5, 0.5], "uv": [29, 26]},
						{"origin": [-3.25, 2.505, 0.75], "size": [0.5, 0.5, 0.5], "uv": [29, 26]},
						{"origin": [-2.25, 2.505, 0.75], "size": [0.5, 0.5, 0.5], "uv": [29, 26]},
						{"origin": [-0.75, 3.005, 0.75], "size": [0.5, 0.5, 0.5], "uv": [29, 26]},
						{"origin": [-2.75, 3.005, 0.75], "size": [1, 1, 0.5], "uv": [29, 26]},
						{"origin": [2.25, 3.005, 0.75], "size": [1, 1, 0.5], "uv": [29, 26]},
						{"origin": [-0.75, 3.505, 0.75], "size": [1, 0.5, 0.5], "uv": [27, 26]},
						{"origin": [4.25, 8.505, 0.75], "size": [0.5, 0.5, 0.5], "uv": [29, 26]},
						{"origin": [3.75, 9.005, 0.75], "size": [0.5, 0.5, 0.5], "uv": [29, 26]},
						{"origin": [1.25, 8.505, 0.25], "size": [0.5, 0.5, 0.5], "uv": [29, 8]},
						{"origin": [1.25, 8.505, 1.25], "size": [0.5, 0.5, 0.5], "uv": [28, 5]},
						{"origin": [3.25, 8.505, 0.75], "size": [0.5, 0.5, 0.5], "uv": [29, 26]},
						{"origin": [2.75, 8.005, 0.75], "size": [1.5, 0.5, 0.5], "uv": [28, 26]},
						{"origin": [1.75, 8.505, 0.75], "size": [1, 0.5, 0.5], "uv": [29, 26]},
						{"origin": [-0.25, 11.005, 0.75], "size": [0.5, 0.5, 0.5], "uv": [29, 26]},
						{"origin": [-3.75, 11.005, 0.75], "size": [0.5, 0.5, 0.5], "uv": [29, 26]},
						{"origin": [-3.25, 10.505, 0.75], "size": [0.5, 0.5, 0.5], "uv": [29, 26]},
						{"origin": [-3.25, 9.005, 0.75], "size": [0.5, 0.5, 0.25], "uv": [30, 27]},
						{"origin": [-1.75, 9.005, 0.75], "size": [0.5, 0.5, 0.25], "uv": [32, 27]},
						{"origin": [-3.25, 7.005, 0.75], "size": [2, 0.5, 0.25], "uv": [31, 27]},
						{"origin": [-1.25, 7.505, 0.75], "size": [0.5, 0.5, 0.25], "uv": [34, 27]},
						{"origin": [-3.75, 7.505, 0.75], "size": [0.5, 0.5, 0.25], "uv": [31, 27]},
						{"origin": [-2.75, 7.505, 0.75], "size": [0.5, 0.5, 0.25], "uv": [32, 27]},
						{"origin": [-2.75, 8.005, 0.75], "size": [1, 0.5, 0.25], "uv": [32, 27]},
						{"origin": [1.25, 5.005, 0.25], "size": [0.5, 0.5, 0.5], "uv": [31, 5]},
						{"origin": [0.75, 9.505, 0.75], "size": [0.5, 0.5, 0.5], "uv": [31, 5]},
						{"origin": [0.75, 13.505, 0.75], "size": [0.5, 0.5, 0.5], "uv": [31, 5]},
						{"origin": [0.75, 11.005, 0.75], "size": [0.5, 2, 0.5], "uv": [31, 5]},
						{"origin": [1.25, 5.005, 1.25], "size": [0.5, 0.5, 0.5], "uv": [31, 5]},
						{"origin": [1.75, 8.005, 0.25], "size": [0.5, 0.5, 0.5], "uv": [28, 5]},
						{"origin": [1.75, 7.005, 0.25], "size": [0.5, 0.5, 0.5], "uv": [28, 5]},
						{"origin": [1.75, 7.505, 1.25], "size": [0.5, 0.5, 0.5], "uv": [31, 5]},
						{"origin": [1.75, 8.005, 1.25], "size": [0.5, 0.5, 0.5], "uv": [28, 5]},
						{"origin": [1.75, 5.505, 1.25], "size": [0.5, 0.5, 0.5], "uv": [28, 5]},
						{"origin": [1.75, 6.005, 1.25], "size": [0.5, 1, 0.5], "uv": [31, 5]},
						{"origin": [1.75, 7.005, 1.25], "size": [0.5, 0.5, 0.5], "uv": [28, 5]},
						{"origin": [1.75, 5.505, 0.25], "size": [0.5, 0.5, 0.5], "uv": [28, 5]},
						{"origin": [1.75, 6.005, 0.25], "size": [0.5, 1, 0.5], "uv": [31, 5]},
						{"origin": [1.75, 7.505, 0.25], "size": [0.5, 0.5, 0.5], "uv": [31, 5]},
						{"origin": [-4.25, 8.005, 0.75], "size": [1.5, 0.5, 0.5], "uv": [2, 24]},
						{"origin": [-1.75, 8.005, 0.75], "size": [4.5, 0.5, 0.5], "uv": [5, 24]},
						{"origin": [-4.25, 8.505, 0.75], "size": [6, 0.5, 0.5], "uv": [5, 26]},
						{"origin": [-4.25, 9.005, 0.75], "size": [1, 0.5, 0.5], "uv": [10, 30]},
						{"origin": [-3.25, 9.005, 1], "size": [0.5, 0.5, 0.25], "uv": [13, 31]},
						{"origin": [-1.75, 9.005, 1], "size": [0.5, 0.5, 0.25], "uv": [15, 31]},
						{"origin": [-3.25, 7.005, 1], "size": [2, 0.5, 0.25], "uv": [13, 31]},
						{"origin": [-2.75, 8.005, 1], "size": [1, 0.5, 0.25], "uv": [14, 31]},
						{"origin": [-2.75, 7.505, 1], "size": [0.5, 0.5, 0.25], "uv": [14, 31]},
						{"origin": [-1.25, 7.505, 1], "size": [0.5, 0.5, 0.25], "uv": [16, 31]},
						{"origin": [-3.75, 7.505, 1], "size": [0.5, 0.5, 0.25], "uv": [14, 31]},
						{"origin": [-2.75, 9.005, 0.75], "size": [1, 0.5, 0.5], "uv": [13, 31]},
						{"origin": [-1.25, 9.005, 0.75], "size": [2, 0.5, 0.5], "uv": [14, 30]},
						{"origin": [-3.75, 9.505, 0.75], "size": [4.5, 0.5, 0.5], "uv": [11, 26]},
						{"origin": [-3.75, 10.005, 0.75], "size": [4, 0.5, 0.5], "uv": [13, 19]},
						{"origin": [-3.75, 10.505, 0.75], "size": [0.5, 0.5, 0.5], "uv": [20, 18]},
						{"origin": [-0.25, 10.505, 0.75], "size": [0.5, 0.5, 0.5], "uv": [12, 13]},
						{"origin": [-2.75, 10.505, 0.75], "size": [2, 0.5, 0.5], "uv": [16, 19]},
						{"origin": [1.25, 2.505, 0.75], "size": [0.5, 0.5, 0.5], "uv": [28, 19]},
						{"origin": [1.25, 3.005, 0.75], "size": [0.5, 1, 0.5], "uv": [17, 18]},
						{"origin": [3.25, 2.505, 0.75], "size": [0.5, 0.5, 0.5], "uv": [26, 16]},
						{"origin": [3.25, 3.005, 0.75], "size": [0.5, 1, 0.5], "uv": [19, 20]},
						{"origin": [3.75, 3.505, 0.75], "size": [0.5, 0.5, 0.5], "uv": [20, 20]},
						{"origin": [1.75, 3.505, 0.75], "size": [0.5, 0.5, 0.5], "uv": [20, 20]},
						{"origin": [-1.25, 3.505, 0.75], "size": [0.5, 0.5, 0.5], "uv": [20, 20]},
						{"origin": [-3.25, 3.505, 0.75], "size": [0.5, 0.5, 0.5], "uv": [20, 20]},
						{"origin": [-3.25, 3.005, 0.75], "size": [0.5, 0.5, 0.5], "uv": [29, 16]},
						{"origin": [-1.25, 3.005, 0.75], "size": [0.5, 0.5, 0.5], "uv": [25, 16]},
						{"origin": [1.75, 3.005, 0.75], "size": [0.5, 0.5, 0.5], "uv": [29, 17]},
						{"origin": [3.75, 3.005, 0.75], "size": [0.5, 0.5, 0.5], "uv": [25, 19]}
					]
				},
				{
					"name": "body",
					"parent": "root",
					"pivot": [0, 3, 0],
					"locators": {
						"lead": [0.5, 3.75, 0.875]
					}
				},
				{
					"name": "rightItem",
					"parent": "body",
					"pivot": [-2.5, 7.25, 0.625],
					"rotation": [-90, 0, -22.5]
				},
				{
					"name": "right_arm",
					"parent": "body",
					"pivot": [-0.875, 2.75, 0]
				},
				{
					"name": "left_arm",
					"parent": "body",
					"pivot": [0.875, 2.75, 0]
				},
				{
					"name": "left_wing",
					"parent": "body",
					"pivot": [0.25, 2.5, 0.5]
				},
				{
					"name": "right_wing",
					"parent": "body",
					"pivot": [-0.25, 2.5, 0.5]
				}
			]
		}
	]
}
