{
	"format_version": "1.12.0",
	"minecraft:geometry": [
		{
			"description": {
				"identifier": "geometry.stewie",
				"texture_width": 32,
				"texture_height": 32,
				"visible_bounds_width": 2,
				"visible_bounds_height": 2.5,
				"visible_bounds_offset": [0, 0.75, 0]
			},
			"bones": [
				{
					"name": "root",
					"pivot": [0, 0, 0]
				},
				{
					"name": "head",
					"parent": "root",
					"pivot": [0, 4, 0],
					"cubes": [
						{"origin": [-3.5, 4.01, -2.5], "size": [7, 5, 5], "uv": [-1, 0]}
					]
				},
				{
					"name": "body",
					"parent": "root",
					"pivot": [0, 4, 0],
					"cubes": [
						{"origin": [-1.5, 0, -1], "size": [3, 4, 2], "uv": [0, 10]},
						{"origin": [-1.5, -1, -1], "size": [3, 5, 2], "inflate": -0.2, "uv": [0, 16]},
						{"origin": [-2, 1, 1], "size": [4, 3, 2], "uv": [10, 10]},
						{"origin": [0.5, 0.5, 1.5], "size": [1, 0.5, 1], "uv": [10, 20]},
						{"origin": [-1.5, 0.5, 1.5], "size": [1, 0.5, 1], "uv": [10, 20]}
					],
					"locators": {
						"lead": [0, 6, 0]
					}
				},
				{
					"name": "rightItem",
					"parent": "body",
					"pivot": [0, -1, -2],
					"rotation": [-80, 0, 0]
				},
				{
					"name": "right_arm",
					"parent": "body",
					"pivot": [-1.75, 3.5, 0],
					"cubes": [
						{"origin": [-2.5, 0, 0], "size": [1, 4, 1], "uv": [24, 1]}
					]
				},
				{
					"name": "left_arm",
					"parent": "body",
					"pivot": [1.75, 3.5, 0],
					"cubes": [
						{"origin": [1.5, 0, 0], "size": [1, 4, 1], "uv": [24, 7]}
					]
				},
				{
					"name": "left_wing",
					"parent": "body",
					"pivot": [0.5, 3, 1],
					"cubes": [
						{"origin": [-1, 2, 2], "size": [0, 2, 4], "pivot": [0, 2, 1], "rotation": [-90, 0, 0], "uv": [20, 18], "mirror": true}
					]
				},
				{
					"name": "right_wing",
					"parent": "body",
					"pivot": [-0.5, 3, 1],
					"cubes": [
						{"origin": [1, 2, 2], "size": [0, 2, 4], "pivot": [2, 2, 1], "rotation": [-90, 0, 0], "uv": [20, 18]}
					]
				}
			]
		}
	]
}