{
	"format_version": "1.12.0",
	"minecraft:geometry": [
		{
			"description": {
				"identifier": "geometry.vessel",
				"texture_width": 32,
				"texture_height": 32,
				"visible_bounds_width": 2,
				"visible_bounds_height": 2.5,
				"visible_bounds_offset": [0, 0.75, 0]
			},
			"bones": [
				{
					"name": "root",
					"pivot": [-0.5, 6, 1]
				},
				{
					"name": "body",
					"parent": "root",
					"pivot": [0, 6, 0],
					"cubes": [
						{"origin": [-1.5, 2, -1], "size": [3, 4, 2], "uv": [0, 10]},
						{"origin": [-1.5, 1, -1], "size": [3, 5, 2], "inflate": -0.2, "uv": [0, 16]}
					],
					"locators": {
						"lead": [0, 6, 0]
					}
				},
				{
					"name": "right_arm",
					"parent": "body",
					"pivot": [-1.75, 5.5, 0],
					"cubes": [
						{"origin": [-2.5, 2, -1], "size": [1, 4, 2], "uv": [23, 0]}
					]
				},
				{
					"name": "left_arm",
					"parent": "body",
					"pivot": [1.75, 5.5, 0],
					"cubes": [
						{"origin": [1.5, 2, -1], "size": [1, 4, 2], "uv": [23, 6]}
					]
				},
				{
					"name": "left_wing",
					"parent": "body",
					"pivot": [0.5, 6, 1]
				},
				{
					"name": "right_wing",
					"parent": "body",
					"pivot": [-0.5, 6, 1]
				},
				{
					"name": "rightItem",
					"parent": "body",
					"pivot": [0, 4, -3],
					"rotation": [-80, 0, 0]
				},
				{
					"name": "head",
					"parent": "root",
					"pivot": [0, 6, 0],
					"cubes": [
						{"origin": [-2.5, 6, -2.5], "size": [5, 5, 5], "uv": [0, 0]}
					]
				},
				{
					"name": "head_part",
					"parent": "head",
					"pivot": [0, 6, 0]
				},
				{
					"name": "ears",
					"parent": "head_part",
					"pivot": [0, -21, 0],
					"cubes": [
						{"origin": [-4.5, 9, 0], "size": [3, 5, 0], "uv": [0, 23]}
					]
				},
				{
					"name": "head_sub_2",
					"parent": "ears",
					"pivot": [0, -21, 0],
					"mirror": true,
					"cubes": [
						{"origin": [1.5, 9, 0], "size": [3, 5, 0], "uv": [0, 23]}
					]
				}
			]
		}
	]
}