{
	"format_version": "1.12.0",
	"minecraft:geometry": [
		{
			"description": {
				"identifier": "geometry.whaleshark",
				"texture_width": 32,
				"texture_height": 32,
				"visible_bounds_width": 3,
				"visible_bounds_height": 2.1,
				"visible_bounds_offset": [0, 0.95, 0]
			},
			"bones": [
				{
					"name": "root",
					"pivot": [0, 1, 0],
					"rotation": [-2.5, 0, 0]
				},
				{
					"name": "head",
					"parent": "root",
					"pivot": [0, 5, 0]
				},
				{
					"name": "look_at",
					"parent": "head",
					"pivot": [0, 5, 0.75]
				},
				{
					"name": "body",
					"parent": "root",
					"pivot": [0, 5, 0],
					"rotation": [45, 0, 0],
					"cubes": [
						{"origin": [-2.5, 0, -1], "size": [5, 9, 3], "uv": [16, 0]},
						{"origin": [-1.5, -6, 0], "size": [3, 6, 2], "uv": [17, 12]},
						{"origin": [-0.5, 1, 2], "size": [1, 2, 1], "uv": [25, 8]},
						{"origin": [-0.5, -8, -1], "size": [1, 2, 4], "uv": [22, 9]},
						{"origin": [-0.5, 1, 3], "size": [1, 1, 1], "uv": [25, 16]},
						{"origin": [-0.5, -8, 3], "size": [1, 1, 1], "uv": [25, 16]},
						{"origin": [-0.5, -8, -2], "size": [1, 1, 1], "uv": [25, 16]}
					],
					"locators": {
						"lead": [0, 6, 0]
					}
				},
				{
					"name": "rightItem",
					"parent": "body",
					"pivot": [0, 0, -2],
					"rotation": [-80, 0, 0]
				},
				{
					"name": "right_arm",
					"parent": "body",
					"pivot": [-1.75, 4.5, 0],
					"cubes": [
						{"origin": [-2.5, 1, -1], "size": [1, 4, 2], "uv": [23, 0]}
					]
				},
				{
					"name": "left_arm",
					"parent": "body",
					"pivot": [1.75, 4.5, 0],
					"cubes": [
						{"origin": [1.5, 1, -1], "size": [1, 4, 2], "uv": [23, 6]}
					]
				},
				{
					"name": "left_wing",
					"parent": "body",
					"pivot": [0.5, 4, 1],
					"cubes": [
						{"origin": [2, 1, 2], "size": [0, 5, 8], "pivot": [1.5, 2, 1], "rotation": [89.99999, 82.5, 89.99999], "uv": [0, 15]}
					]
				},
				{
					"name": "right_wing",
					"parent": "body",
					"pivot": [-0.5, 4, 1],
					"cubes": [
						{"origin": [-2, 1, 2], "size": [0, 5, 8], "pivot": [-1.5, 2, 1], "rotation": [89.99999, -82.5, -89.99999], "uv": [0, 15]}
					]
				}
			]
		}
	]
}
