{
  "format_version": "1.8.0",
  "render_controllers": {
    "controller.render.allay_snow": {
      "geometry": "query.is_name_any('Jellyfish') ? Geometry.jfish :(query.is_name_any('Whale Shark') ? Geometry.whaleshark :(query.is_name_any('hidden') ? Geometry.dark_matter3 :(query.is_name_any('hidden') ? Geometry.mushroom_toppin :(query.is_name_any('hidden') ? Geometry.dark_matter :(query.is_name_any('hidden') ? Geometry.kirby_ufo:(query.is_name_any('hidden') ? Geometry.furnace :(query.is_name_any('Silly Dog') ? Geometry.silly_dog :(query.is_name_any('MOAB') ? Geometry.MOAB :(query.is_name_any('Monkey Heli') ? Geometry.monkey_heli :(query.is_name_any('Panda') ? Geometry.panda :(query.is_name_any('Panda§s§i§d§e§y§e') ? Geometry.panda_sideye :(query.is_name_any('Test') ? Geometry.test :(query.is_name_any('Dress§1') ? Geometry.dress1 :(query.is_name_any('Wedding Dress', 'Bride') ? Geometry.wed_dress :(query.is_name_any('Tuxedo§h§a§t', 'hidden') ? Geometry.tux_hat :(query.is_name_any('Tuxedo', 'Groom') ? Geometry.tux :(query.is_name_any('hidden') ? Geometry.metal_sonic :(query.is_name_any('UFO', '???') ? Geometry.ufo :(query.is_name_any('Halo') ? Geometry.halo :(query.is_name_any('Gamer', 'Pink Headphones') ? Geometry.gamer :(query.is_name_any('hidden') ? Geometry.blu :(query.is_name_any('Glow Squid','Squidward') ? Geometry.gsquid :(query.is_name_any('Pink Axolotl', 'Cyan Axolotl', 'Brown Axolotl', 'Gold Axolotl', 'Blue Axolotl') ? Geometry.lucy :(query.is_name_any('hidden') ? Geometry.eggmanclassic :(query.is_name_any('hidden') ? Geometry.eggyking :(query.is_name_any('Glow Pikmin') ? Geometry.glow_pikmin :(query.is_name_any('Broken Vessel') ? Geometry.broken_vessel :(query.is_name_any('Balloon Zombie') ? Geometry.bloon_zombie :(query.is_name_any('Vessel') ? Geometry.vessel :(query.is_name_any('hidden') ? Geometry.stewie :(query.is_name_any('Crystal') ? Geometry.crystal :(query.is_name_any('hidden') ? Geometry.whiteguy :(query.is_name_any('hidden') ? Geometry.babyghast :(query.is_name_any('Knight', 'V1', 'V2') ? Geometry.knight :(query.is_name_any('Knight§§') ? Geometry.knight2 :(query.is_name_any('Eggman') ? Geometry.eggman :(query.is_name_any('Axolotl§M§A') ? geometry.axolotl_more_allays:(query.is_name_any('Bee§M§A') ? geometry.bee_more_allays:(query.is_name_any('Creeper§M§A') ? geometry.creeper_more_allays:(query.is_name_any('Enderman§M§A') ? geometry.enderman_more_allays:(query.is_name_any('Fox§M§A') ? geometry.fox_more_allays:(query.is_name_any('Frog§M§A') ? geometry.frog_more_allays:(query.is_name_any('Goat§M§A') ? geometry.goat_more_allays:(query.is_name_any('Mooshroom§M§A') ? geometry.mooshroom_more_allays:(query.is_name_any('Ocelot§M§A') ? geometry.ocelot_more_allays:(query.is_name_any('Pig§M§A') ? geometry.pig_more_allays:(query.is_name_any('Rabbit§M§A') ? geometry.rabbit_more_allays:(query.is_name_any('Sheep§M§A') ? geometry.sheep_more_allays:(query.is_name_any('Skeleton§M§A') ? geometry.skeleton_more_allays:(query.is_name_any('Warden§M§A') ? geometry.warden_more_allays:(query.is_name_any('Wither§M§A') ? geometry.wither_more_allays:(query.is_name_any('Zombie§M§A') ? geometry.zombie_more_allays:(Geometry.default)))))))))))))))))))))))))))))))))))))))))))))))))))))",
      "materials": [
        {
          "*": "Material.default"
        }
      ],
      "textures": [
        "query.is_name_any('Jellyfish') ? Texture.jfish :(query.is_name_any('Whale Shark') ? Texture.whaleshark :(query.is_name_any('hidden') ? Texture.dark_matter3 :(query.is_name_any('hidden') ? Texture.mushroom_toppin :(query.is_name_any('hidden') ? Texture.dark_matter :(query.is_name_any('hidden') ? Texture.kirby_ufo :(query.is_name_any('hidden') ? Texture.furnace :(query.is_name_any('Silly Dog') ? Texture.silly_dog :(query.is_name_any('Monkey Heli') ? Texture.monkey_heli :(query.is_name_any('MOAB') ? Texture.MOAB :(query.is_name_any('Monkey Heli') ? Texture.monkey_heli :(query.is_name_any('Panda') ? Texture.panda :(query.is_name_any('Panda§s§i§d§e§y§e') ? Texture.panda_sideye :(query.is_name_any('Test') ? Texture.test :(query.is_name_any('Dress§1') ? Texture.dress1 :(query.is_name_any('Wedding Dress', 'Bride') ? Texture.wed_dress :(query.is_name_any('hidden') ? Texture.white_tux_hat :(query.is_name_any('Tuxedo§h§a§t') ? Texture.tux_hat :(query.is_name_any('Tuxedo', 'Groom') ? Texture.tux :(query.is_name_any('hidden') ? Texture.metal_sonic :(query.is_name_any('UFO', '???') ? Texture.ufo :(query.is_name_any('Halo') ? Texture.halo :(query.is_name_any('Gamer','Pink Headphones') ? Texture.gamer :(query.is_name_any('Gold Axolotl') ? Texture.ax_gold :(query.is_name_any('Cyan Axolotl') ? Texture.ax_cyan :(query.is_name_any('Brown Axolotl') ? Texture.ax_brown :(query.is_name_any('Blue Axolotl') ? Texture.ax_blue :(query.is_name_any('hidden') ? Texture.blu :(query.is_name_any('Glow Squid','Squidward') ? Texture.gsquid :(query.is_name_any('Pink Axolotl') ? Texture.lucy :(query.is_name_any('hidden') ? Texture.eggmanclassic :(query.is_name_any('hidden') ? Texture.eggyking :(query.is_name_any('Glow Pikmin') ? Texture.glow_pikmin :(query.is_name_any('Broken Vessel') ? Texture.broken_vessel :(query.is_name_any('Balloon Zombie') ? Texture.bloon_zombie :(query.is_name_any('Vessel') ? Texture.vessel :(query.is_name_any('hidden') ? Texture.stewie :(query.is_name_any('V2') ? Texture.V2 :(query.is_name_any('V1') ? Texture.V1 :(query.is_name_any('Crystal') ? Texture.crystal :(query.is_name_any('hidden') ? Texture.whiteguy :(query.is_name_any('hidden') ? Texture.babyghast :(query.is_name_any('Knight') ? Texture.knight :(query.is_name_any('Knight§§') ? Texture.knight2 :(query.is_name_any('Eggman') ? Texture.eggman :(query.is_name_any('Red') ? Texture.red :(query.is_name_any('Orange') ? Texture.orange :(query.is_name_any('Axolotl§M§A') ? texture.axolotl_more_allays:(query.is_name_any('Bee§M§A') ? texture.bee_more_allays:(query.is_name_any('Creeper§M§A') ? texture.creeper_more_allays:(query.is_name_any('Enderman§M§A') ? texture.enderman_more_allays:(query.is_name_any('Fox§M§A') ? texture.fox_more_allays:(query.is_name_any('Frog§M§A') ? texture.frog_more_allays:(query.is_name_any('Goat§M§A') ? texture.goat_more_allays:(query.is_name_any('Mooshroom§M§A') ? texture.mooshroom_more_allays:(query.is_name_any('Ocelot§M§A') ? texture.ocelot_more_allays:(query.is_name_any('Pig§M§A') ? texture.pig_more_allays:(query.is_name_any('Rabbit§M§A') ? texture.rabbit_more_allays:(query.is_name_any('Sheep§M§A') ? texture.sheep_more_allays:(query.is_name_any('Skeleton§M§A') ? texture.skeleton_more_allays:(query.is_name_any('Warden§M§A') ? texture.warden_more_allays:(query.is_name_any('Wither§M§A') ? texture.wither_more_allays:(query.is_name_any('Zombie§M§A') ? texture.zombie_more_allays:(texture.default)))))))))))))))))))))))))))))))))))))))))))))))))))))))))))))))"
      ],
      "ignore_lighting": true
    }
  }
}