{"format_version":"1.8.0","minecraft:client_entity":{"description":{"identifier":"minecraft:allay","materials":{"default":"allay"},"textures":{"default":"textures/entity/allay/allay","Red":"textures/entity/allay/red","Orange":"textures/entity/allay/orange","Knight":"textures/entity/allay/knight","Knight2":"textures/entity/allay/knight2","babyghast":"textures/entity/allay/ghast","whiteguy":"textures/entity/allay/whiteguy","crystal":"textures/entity/allay/crystal","V1":"textures/entity/allay/V1","V2":"textures/entity/allay/V2","stewie":"textures/entity/allay/stewie","Vessel":"textures/entity/allay/vessel","bloon_zombie":"textures/entity/allay/bloon_zombie","broken_vessel":"textures/entity/allay/broken_vessel","glow_pikmin":"textures/entity/allay/glow_pikmin","eggyking":"textures/entity/allay/eggyking","eggmanclassic":"textures/entity/allay/eggmanclassic","lucy":"textures/entity/allay/ax_lucy","gamer":"textures/entity/allay/gamer","gsquid":"textures/entity/allay/gsquid","blu":"textures/entity/allay/blu","ax_blue":"textures/entity/allay/ax_blue","ax_brown":"textures/entity/allay/ax_brown","ax_gold":"textures/entity/allay/ax_gold","ax_cyan":"textures/entity/allay/ax_cyan","halo":"textures/entity/allay/halo","ufo":"textures/entity/allay/ufo","metal_sonic":"textures/entity/allay/metal_sonic","tux":"textures/entity/allay/tux","tux_hat":"textures/entity/allay/tux_hat","white_tux_hat":"textures/entity/allay/white_tux_hat","wed_dress":"textures/entity/allay/wed_dress","dress1":"textures/entity/allay/dress1","test":"textures/entity/allay/test","panda_sideye":"textures/entity/allay/panda","panda":"textures/entity/allay/panda","monkey_heli":"textures/entity/allay/monkey_heli","MOAB":"textures/entity/allay/MOAB","silly_dog":"textures/entity/allay/silly_dog","furnace":"textures/entity/allay/furnace","kirby_ufo":"textures/entity/allay/kirby_ufo","dark_matter":"textures/entity/allay/dark_matter","mushroom_toppin":"textures/entity/allay/mushroom_toppin","dark_matter3":"textures/entity/allay/dark_matter3","whaleshark":"textures/entity/allay/whaleshark","jfish":"textures/entity/allay/jfish","Eggman":"textures/entity/allay/eggman","axolotl_more_allays":"textures/entity/allay/axolotl_more_allays","bee_more_allays":"textures/entity/allay/bee_more_allays","creeper_more_allays":"textures/entity/allay/creeper_more_allays","enderman_more_allays":"textures/entity/allay/enderman_more_allays","fox_more_allays":"textures/entity/allay/fox_more_allays","frog_more_allays":"textures/entity/allay/frog_more_allays","goat_more_allays":"textures/entity/allay/goat_more_allays","mooshroom_more_allays":"textures/entity/allay/mooshroom_more_allays","ocelot_more_allays":"textures/entity/allay/ocelot_more_allays","pig_more_allays":"textures/entity/allay/pig_more_allays","rabbit_more_allays":"textures/entity/allay/rabbit_more_allays","sheep_more_allays":"textures/entity/allay/sheep_more_allays","skeleton_more_allays":"textures/entity/allay/skeleton_more_allays","warden_more_allays":"textures/entity/allay/warden_more_allays","wither_more_allays":"textures/entity/allay/wither_more_allays","zombie_more_allays":"textures/entity/allay/zombie_more_allays"},"geometry":{"default":"geometry.allay","Red":"geometry.allay","Orange":"geometry.allay","Knight":"geometry.knight","Knight2":"geometry.knight2","babyghast":"geometry.babyghast","whiteguy":"geometry.whiteguy","crystal":"geometry.crystal","V1":"geometry.knight","V2":"geometry.knight","stewie":"geometry.stewie","Vessel":"geometry.vessel","bloon_zombie":"geometry.bloon_zombie","broken_vessel":"geometry.broken_vessel","glow_pikmin":"geometry.glow_pikmin","eggyking":"geometry.eggyking","eggmanclassic":"geometry.eggmanclassic","lucy":"geometry.axolotl_snow","gamer":"geometry.gamer","gsquid":"geometry.gsquid","blu":"geometry.blu","ax_brown":"geometry.axolotl_snow","ax_gold":"geometry.axolotl_snow","ax_cyan":"geometry.axolotl_snow","ax_blue":"geometry.axolotl_snow","halo":"geometry.halo","ufo":"geometry.ufo","metal_sonic":"geometry.metal_sonic","tux":"geometry.tux","tux_hat":"geometry.tux_hat","wed_dress":"geometry.wed_dress","dress1":"geometry.dress1","test":"geometry.test","panda_sideye":"geometry.panda_sideye","panda":"geometry.panda_allay","monkey_heli":"geometry.monkey_heli","MOAB":"geometry.MOAB","silly_dog":"geometry.silly_dog","furnace":"geometry.furnace","kirby_ufo":"geometry.kirby_ufo","dark_matter":"geometry.dark_matter","mushroom_toppin":"geometry.mushroom_toppin","dark_matter3":"geometry.dark_matter3","whaleshark":"geometry.whaleshark","jfish":"geometry.jfish","Eggman":"geometry.eggman","axolotl_more_allays":"geometry.axolotl_more_allays","bee_more_allays":"geometry.bee_more_allays","creeper_more_allays":"geometry.creeper_more_allays","enderman_more_allays":"geometry.enderman_more_allays","fox_more_allays":"geometry.fox_more_allays","frog_more_allays":"geometry.frog_more_allays","goat_more_allays":"geometry.goat_more_allays","mooshroom_more_allays":"geometry.mooshroom_more_allays","ocelot_more_allays":"geometry.ocelot_more_allays","pig_more_allays":"geometry.pig_more_allays","rabbit_more_allays":"geometry.rabbit_more_allays","sheep_more_allays":"geometry.sheep_more_allays","skeleton_more_allays":"geometry.skeleton_more_allays","warden_more_allays":"geometry.warden_more_allays","wither_more_allays":"geometry.wither_more_allays","zombie_more_allays":"geometry.zombie_more_allays"},"spawn_egg":{"texture":"spawn_egg_allay"},"scripts":{"pre_animation":["variable.holding_trident = query.is_item_name_any('slot.weapon.mainhand', 'minecraft:trident');"]},"animations":{"idle":"animation.allay.idle","fly":"animation.allay.fly","hold_item":"animation.allay.hold_item","dance":"animation.allay.dance","hold_item_fly":"animation.allay.hold_item_fly","look_at_target_default":"animation.allay.look_at_target.default"},"animation_controllers":[{"general":"controller.animation.allay.general"},{"look_at_target":"controller.animation.allay.look_at_target"},{"holding":"controller.animation.allay.holding"},{"dancing":"controller.animation.allay.dancing"}],"render_controllers":["controller.render.allay_snow"],"enable_attachables":true,"held_item_ignores_lighting":true}}}